room_id,asset_type,power_draw,usage_hours,operating_hours_since_service,error_log_count,failure
320,TV,0.325,5.3,3876,16,1
415,AC,0.238,21.5,4663,27,1
427,TV,0.656,3.2,2646,28,1
306,Set-top box,0.108,14.0,1045,4,0
117,TV,0.611,15.9,168,5,1
302,AC,0.918,3.8,593,7,0
318,Set-top box,0.233,2.2,3446,13,1
401,Set-top box,0.47,2.1,1555,20,1
126,Set-top box,0.322,14.4,2945,18,1
304,TV,0.333,8.6,526,21,0
116,AC,0.968,9.5,3290,37,1
213,TV,0.461,4.8,1669,0,0
305,TV,0.557,1.6,2284,2,1
326,Set-top box,0.074,10.0,3406,34,0
421,Set-top box,0.456,7.9,586,12,1
313,Set-top box,0.346,13.5,2118,17,0
102,Set-top box,0.284,14.7,2863,46,0
226,Set-top box,0.124,15.9,1374,4,0
310,Set-top box,0.347,10.8,1972,21,1
211,TV,0.601,12.3,3015,5,1
130,Set-top box,0.311,16.2,2473,9,0
313,Set-top box,0.45,17.9,2558,39,1
330,AC,0.324,7.0,2322,17,0
417,AC,0.38,18.8,1170,26,1
330,TV,0.376,7.8,2444,3,0
418,AC,0.848,13.6,4219,39,1
111,TV,0.681,10.5,599,12,1
422,TV,0.366,8.4,2875,19,1
317,TV,0.137,12.7,203,9,0
101,Set-top box,0.145,10.2,3039,44,1
430,TV,0.12,4.7,3486,7,0
206,TV,0.224,12.7,403,21,1
219,Set-top box,0.322,15.9,2222,22,1
111,AC,0.677,17.7,4354,28,1
103,Set-top box,0.351,10.6,942,29,0
117,TV,0.6,15.2,1071,1,1
207,AC,0.248,9.5,4207,22,1
317,TV,0.555,15.7,223,5,1
320,TV,0.511,10.7,175,21,1
328,Set-top box,0.467,13.0,1661,23,1
127,Set-top box,0.481,10.5,469,13,0
307,Set-top box,0.291,15.0,2695,12,0
320,Set-top box,0.194,9.3,2835,18,0
211,Set-top box,0.219,11.9,1025,46,1
212,AC,0.966,17.4,2905,32,1
219,TV,0.185,5.5,789,2,0
329,Set-top box,0.498,10.5,2274,28,1
107,AC,0.598,10.6,1108,24,0
306,AC,0.811,12.6,339,6,0
217,TV,0.163,7.2,3239,27,1
416,TV,0.521,8.1,747,26,1
310,Set-top box,0.153,16.8,1377,15,0
424,TV,0.37,9.5,2422,0,0
402,Set-top box,0.083,4.4,1047,48,1
319,AC,0.819,19.3,4324,12,0
119,TV,0.384,12.2,2982,14,1
117,AC,0.301,10.5,3616,12,0
117,TV,0.261,7.3,1433,26,1
212,Set-top box,0.135,17.8,3378,20,1
101,AC,0.225,3.9,1955,32,1
129,TV,0.654,5.7,1798,22,0
414,AC,0.261,11.0,4086,21,1
209,TV,0.483,12.8,1960,19,1
316,Set-top box,0.405,6.3,1970,2,0
122,TV,0.404,10.5,2110,9,0
113,TV,0.358,1.1,929,6,0
206,AC,0.628,2.1,1005,0,0
225,AC,0.9,15.4,4065,40,1
315,Set-top box,0.436,7.1,3158,15,1
425,Set-top box,0.427,12.3,1633,44,0
402,Set-top box,0.489,12.3,341,39,0
424,AC,0.434,12.3,858,28,1
116,AC,0.416,2.5,4941,14,1
411,AC,0.593,14.4,4696,8,1
418,TV,0.611,16.0,2429,29,1
302,Set-top box,0.325,3.6,3139,46,1
230,AC,0.365,5.0,1029,12,0
128,AC,0.984,13.3,2853,34,1
112,AC,0.874,6.6,1287,0,1
108,AC,0.273,20.2,3745,22,0
312,TV,0.308,6.6,1557,1,0
122,AC,0.497,14.2,3198,25,1
228,TV,0.104,17.1,2948,18,1
130,AC,0.389,4.4,4393,6,0
315,TV,0.586,13.9,2787,29,1
211,Set-top box,0.496,17.0,564,5,1
320,Set-top box,0.309,7.9,2463,14,0
425,Set-top box,0.374,3.1,1709,18,0
419,AC,0.974,19.1,1476,8,1
121,Set-top box,0.456,10.2,54,49,1
215,Set-top box,0.251,2.7,2288,39,1
423,Set-top box,0.361,6.1,2136,0,0
125,Set-top box,0.191,11.3,1889,34,1
123,TV,0.682,12.9,775,18,1
216,AC,0.894,20.8,4828,6,1
327,Set-top box,0.424,4.2,110,19,0
416,Set-top box,0.058,4.9,356,3,0
201,AC,0.566,3.6,1514,18,0
324,AC,0.828,2.8,4161,2,0
130,AC,0.701,6.2,484,12,1
323,AC,0.308,13.9,3126,8,1
305,TV,0.115,8.5,3504,7,0
104,AC,0.761,7.5,133,33,0
107,TV,0.191,2.1,473,25,0
113,Set-top box,0.144,13.5,2872,22,0
207,Set-top box,0.257,8.6,1889,9,0
109,Set-top box,0.054,2.8,598,16,0
112,Set-top box,0.13,7.8,1357,18,0
117,AC,0.338,10.1,3340,2,0
307,Set-top box,0.261,1.3,2142,6,0
314,AC,0.483,9.8,1600,34,0
426,TV,0.18,12.7,1235,0,0
407,Set-top box,0.327,8.6,274,21,0
205,Set-top box,0.28,8.0,1953,42,1
201,Set-top box,0.092,1.9,2676,12,0
122,TV,0.386,7.0,3713,18,1
112,TV,0.61,12.5,2264,10,1
330,TV,0.177,11.8,257,8,0
103,Set-top box,0.197,13.9,1602,17,0
203,AC,0.703,4.7,865,3,0
329,AC,0.689,21.4,2378,4,1
318,AC,0.814,7.1,2839,22,1
211,AC,0.447,3.0,88,3,0
309,Set-top box,0.132,5.7,2364,24,0
202,AC,0.665,13.3,2162,40,1
211,AC,0.213,2.6,169,21,0
402,AC,0.352,12.4,1477,0,0
129,Set-top box,0.419,2.7,2553,10,0
117,TV,0.452,6.9,719,26,0
225,TV,0.444,3.8,894,24,1
308,Set-top box,0.245,8.9,766,0,0
215,Set-top box,0.145,9.0,2534,6,0
411,AC,0.762,16.7,4439,26,1
104,Set-top box,0.249,5.7,2447,27,0
416,Set-top box,0.244,4.1,2004,18,0
430,TV,0.1,14.5,1459,23,1
123,AC,0.279,5.3,1815,16,0
205,AC,0.604,9.6,3283,23,1
324,AC,0.747,17.0,4732,32,1
313,AC,0.428,3.3,2179,10,0
426,Set-top box,0.111,1.6,1358,14,0
217,TV,0.686,11.3,366,26,1
328,AC,0.659,8.2,2730,18,1
310,TV,0.67,9.7,1715,20,0
418,AC,0.442,21.8,4977,1,1
323,Set-top box,0.061,10.6,794,22,0
116,AC,0.351,21.8,4082,34,1
304,TV,0.675,17.0,3356,29,1
211,AC,0.238,14.7,4333,6,1
204,Set-top box,0.151,4.5,3381,50,1
311,AC,0.947,20.6,3775,35,1
115,Set-top box,0.34,10.9,1110,4,1
426,AC,0.485,17.2,1546,31,1
425,Set-top box,0.415,5.9,3064,8,1
128,TV,0.474,8.7,1787,17,0
330,Set-top box,0.126,3.3,3466,7,1
130,TV,0.306,16.1,2522,5,0
407,TV,0.657,14.9,1582,5,1
416,TV,0.635,15.1,265,30,1
312,TV,0.265,4.7,230,9,1
206,Set-top box,0.46,3.7,1246,45,1
226,TV,0.271,16.5,1795,18,1
114,AC,0.423,20.7,3073,29,0
307,AC,0.634,21.5,1065,4,1
325,Set-top box,0.149,14.3,3348,38,1
123,TV,0.498,15.6,1382,27,1
115,TV,0.361,17.4,1019,9,1
425,TV,0.321,13.0,1296,20,1
427,Set-top box,0.257,13.7,2446,37,1
121,Set-top box,0.241,5.3,3186,14,0
316,TV,0.564,8.9,422,27,1
224,Set-top box,0.114,14.8,3059,46,1
220,AC,0.947,19.4,2177,2,1
123,TV,0.306,9.0,84,22,0
111,TV,0.683,17.0,2799,12,1
203,AC,0.814,4.2,2103,31,1
315,Set-top box,0.272,8.3,2353,1,0
327,TV,0.171,10.0,2843,21,1
212,TV,0.493,13.5,748,5,0
105,AC,0.718,5.1,2440,32,1
421,TV,0.42,1.7,3585,30,1
408,TV,0.157,2.4,2484,13,0
407,Set-top box,0.157,14.2,636,40,0
225,AC,0.321,18.3,4119,18,1
316,AC,0.666,20.5,2324,0,0
415,Set-top box,0.23,17.1,1172,30,1
319,Set-top box,0.132,11.7,1119,33,0
301,AC,0.845,18.0,4378,3,0
127,Set-top box,0.447,8.7,173,4,0
206,Set-top box,0.201,3.3,876,28,0
315,AC,0.368,4.2,162,26,1
307,AC,0.252,3.3,2869,3,0
214,AC,0.854,17.7,4392,31,1
230,TV,0.338,3.9,696,19,0
423,AC,0.714,15.0,523,21,0
424,AC,0.698,7.6,3812,26,1
120,Set-top box,0.477,10.4,2323,9,1
230,AC,0.279,19.6,468,20,0
416,AC,0.588,13.8,1194,16,0
122,Set-top box,0.104,2.3,2767,31,1
328,AC,0.936,14.2,2343,0,1
214,TV,0.116,11.3,367,8,0
122,Set-top box,0.156,5.1,1137,13,0
105,TV,0.667,17.8,1275,20,0
401,Set-top box,0.357,13.4,319,19,1
429,AC,0.738,21.8,871,31,1
407,TV,0.694,8.3,2382,1,1
306,AC,0.734,7.5,4665,9,1
228,TV,0.659,14.9,2380,14,1
429,TV,0.171,12.9,2773,11,0
409,AC,0.234,8.6,1161,19,1
327,Set-top box,0.133,2.3,2269,43,1
224,AC,0.687,18.2,4234,32,1
305,Set-top box,0.359,7.6,3114,15,0
429,TV,0.582,4.9,3695,25,1
330,TV,0.694,2.5,2846,28,1
228,TV,0.645,9.5,3248,15,1
103,TV,0.377,1.9,1602,10,0
317,TV,0.651,14.1,3043,3,1
211,TV,0.239,2.8,1374,5,1
225,TV,0.295,12.3,524,5,0
302,TV,0.682,7.9,929,14,1
402,Set-top box,0.458,11.5,1945,34,1
401,AC,0.361,8.8,2011,8,0
118,Set-top box,0.355,8.2,524,6,0
313,Set-top box,0.421,9.5,914,9,0
213,TV,0.196,1.4,1656,10,0
221,AC,0.749,16.6,219,9,0
204,TV,0.511,14.5,1358,14,1
101,AC,0.789,15.5,4517,5,1
107,AC,0.821,13.4,745,3,1
302,Set-top box,0.285,8.2,2001,29,1
117,Set-top box,0.317,5.8,2853,6,0
402,TV,0.265,15.1,75,15,0
210,TV,0.452,10.4,1969,23,0
418,Set-top box,0.185,10.0,3131,1,0
107,TV,0.644,6.9,3029,30,1
416,TV,0.544,5.5,2025,4,0
219,TV,0.62,2.9,3847,19,1
214,TV,0.529,10.6,2703,26,1
221,AC,0.481,12.9,4035,16,1
310,TV,0.228,3.9,2315,20,0
322,AC,0.293,19.9,4994,37,1
419,AC,0.852,17.8,2330,1,0
228,TV,0.354,13.9,3614,21,1
205,TV,0.156,5.3,1033,30,1
323,TV,0.377,1.0,230,17,1
216,AC,0.231,5.0,2325,8,0
407,Set-top box,0.358,6.5,2496,14,0
305,Set-top box,0.454,8.7,1525,14,1
318,Set-top box,0.352,11.2,1531,41,1
211,Set-top box,0.485,4.4,3250,30,1
328,TV,0.433,4.6,3562,13,1
107,AC,0.217,8.5,3819,23,1
214,AC,0.722,3.8,2153,2,1
129,AC,0.887,8.7,2237,6,1
205,AC,0.426,19.5,2210,33,1
307,Set-top box,0.225,4.3,3203,17,0
108,Set-top box,0.199,3.1,1557,27,0
303,AC,0.712,8.6,2108,22,1
301,AC,0.489,17.5,1809,11,0
109,AC,0.595,9.2,4738,23,1
303,Set-top box,0.409,7.2,3333,16,1
326,Set-top box,0.105,10.1,2107,32,1
312,TV,0.186,14.0,854,2,0
423,TV,0.291,8.6,2124,13,0
403,Set-top box,0.314,15.6,564,2,0
128,Set-top box,0.318,15.0,3480,31,1
311,TV,0.224,6.3,1709,8,0
214,TV,0.318,6.7,1169,4,0
226,Set-top box,0.197,9.5,530,15,0
110,AC,0.76,5.8,3662,20,1
415,TV,0.428,6.1,61,13,0
230,Set-top box,0.466,2.9,600,47,1
109,TV,0.475,11.4,432,16,0
204,Set-top box,0.444,17.1,2386,14,1
108,AC,0.741,6.8,3688,39,1
315,Set-top box,0.231,15.3,2514,36,1
404,TV,0.209,13.8,3039,27,1
328,AC,0.287,18.3,755,20,1
206,TV,0.562,10.5,3721,4,0
321,AC,0.373,5.5,1806,26,1
204,AC,0.58,6.9,2325,9,0
315,AC,0.365,4.9,1059,23,1
216,Set-top box,0.372,16.3,2064,10,0
114,TV,0.237,2.5,3351,3,1
409,TV,0.18,9.6,1032,15,0
328,Set-top box,0.155,17.2,460,29,1
103,Set-top box,0.424,5.3,385,30,1
207,AC,0.775,19.6,4313,34,1
204,AC,0.448,11.7,3622,27,1
423,AC,0.819,12.5,1104,13,0
423,AC,0.853,21.4,2541,31,1
325,TV,0.391,1.8,2483,20,0
310,TV,0.144,3.8,2617,24,1
426,AC,0.501,19.6,809,19,1
216,TV,0.239,13.3,1559,4,0
321,TV,0.548,3.2,3515,16,0
418,Set-top box,0.174,2.3,2261,0,0
418,Set-top box,0.317,2.9,2506,24,0
120,TV,0.164,14.4,1284,19,1
130,TV,0.182,13.2,2638,11,0
326,Set-top box,0.443,13.5,3342,39,1
207,TV,0.229,14.9,2052,0,1
302,TV,0.584,9.3,2298,14,0
322,TV,0.623,10.7,3853,27,1
105,AC,0.457,5.8,2006,36,1
314,Set-top box,0.265,9.0,1529,25,0
421,TV,0.352,3.4,2269,13,1
424,AC,0.688,19.4,3889,12,1
418,TV,0.373,7.8,2215,5,0
215,AC,0.358,12.6,1309,26,1
223,AC,0.242,17.3,1075,27,1
102,Set-top box,0.415,5.5,3275,44,1
330,TV,0.679,10.2,1180,2,0
127,TV,0.634,2.8,3188,21,1
302,TV,0.481,11.5,3503,29,1
129,Set-top box,0.484,14.8,117,2,1
427,TV,0.336,10.2,1262,18,0
403,TV,0.439,11.5,3993,14,1
220,TV,0.155,14.0,2963,2,0
309,Set-top box,0.291,13.3,1087,37,1
114,TV,0.157,4.6,369,4,0
414,AC,0.215,7.9,2447,27,0
324,TV,0.656,10.7,1853,16,1
106,TV,0.403,8.3,3298,22,1
322,TV,0.219,5.7,3604,23,1
322,AC,0.46,9.3,2053,36,0
118,TV,0.563,11.6,2482,1,0
211,Set-top box,0.297,14.5,887,15,0
319,TV,0.397,10.7,1462,12,1
223,TV,0.268,4.5,611,26,0
106,TV,0.574,5.0,1376,0,1
315,Set-top box,0.241,12.8,1163,37,1
327,Set-top box,0.231,3.3,1140,11,0
123,AC,0.825,20.8,4858,33,0
214,AC,0.558,8.3,370,8,0
322,Set-top box,0.482,8.0,3132,42,1
428,AC,0.785,2.7,716,12,1
213,TV,0.384,6.9,1653,12,1
120,AC,0.732,20.5,3224,26,0
217,AC,0.883,21.4,3499,15,1
116,Set-top box,0.224,7.3,1612,23,1
415,Set-top box,0.494,2.7,592,11,1
213,AC,0.293,9.4,2617,24,1
125,AC,0.849,3.8,3325,36,0
323,AC,0.893,2.6,530,7,1
208,TV,0.599,12.4,2803,3,1
402,TV,0.258,3.5,3999,6,0
112,Set-top box,0.111,6.5,2897,12,0
219,AC,0.206,9.5,1884,32,1
219,TV,0.371,3.7,1273,0,0
112,Set-top box,0.176,14.4,1545,7,0
223,Set-top box,0.489,1.3,1497,34,1
329,TV,0.326,15.4,693,10,0
403,TV,0.301,7.7,3828,9,1
430,TV,0.4,6.1,3245,30,1
115,Set-top box,0.109,15.0,1574,43,1
225,Set-top box,0.241,13.6,1287,17,0
404,TV,0.374,16.9,93,14,0
217,AC,0.492,3.6,681,0,0
405,TV,0.195,11.1,529,2,0
229,TV,0.662,16.7,1371,4,1
408,Set-top box,0.258,10.2,2754,42,1
325,Set-top box,0.488,9.6,1078,34,1
422,AC,0.894,15.0,432,8,1
210,AC,0.948,9.5,4560,5,1
211,AC,0.811,15.5,1307,28,1
427,AC,0.438,10.9,90,11,0
128,TV,0.273,15.8,564,4,1
127,TV,0.404,14.6,3756,16,1
230,Set-top box,0.375,17.0,2478,30,0
224,AC,0.556,21.2,3408,23,1
116,AC,0.849,7.6,3914,33,1
407,TV,0.481,12.2,1850,25,1
415,Set-top box,0.454,3.4,154,39,1
410,TV,0.165,15.1,261,1,0
124,TV,0.634,2.4,3330,20,1
110,Set-top box,0.323,8.1,2299,30,1
424,Set-top box,0.2,2.5,3356,34,1
117,Set-top box,0.186,9.9,2604,25,1
107,TV,0.461,13.9,2734,2,1
201,AC,0.492,14.4,3044,23,1
106,TV,0.386,14.2,2152,18,1
430,Set-top box,0.314,2.2,615,24,0
301,TV,0.161,10.1,3918,27,1
322,AC,0.443,13.1,1228,15,0
225,Set-top box,0.407,4.3,2530,19,0
410,Set-top box,0.125,14.7,330,30,0
225,TV,0.304,14.9,1313,14,1
218,TV,0.687,4.6,916,27,1
313,TV,0.531,8.4,552,29,1
104,AC,0.64,9.0,3767,17,1
306,AC,0.545,20.9,245,13,1
305,TV,0.134,7.5,3928,9,0
312,TV,0.226,17.8,719,27,1
318,AC,0.544,13.0,3623,36,1
126,AC,0.385,6.6,263,22,1
212,TV,0.579,14.8,1151,23,1
120,Set-top box,0.328,5.3,519,11,0
107,TV,0.306,13.1,2116,20,1
413,TV,0.595,7.6,205,25,0
403,AC,0.873,20.7,4733,19,1
214,AC,0.616,17.7,4425,28,1
115,TV,0.195,12.7,3434,22,1
121,TV,0.124,10.7,279,5,0
416,Set-top box,0.484,16.8,638,29,1
409,AC,0.395,10.5,4751,3,0
123,Set-top box,0.135,1.3,253,34,1
121,TV,0.587,13.2,2022,21,1
318,Set-top box,0.474,13.3,2179,38,1
211,TV,0.523,1.2,136,19,0
424,Set-top box,0.315,3.4,2316,38,0
330,TV,0.252,4.3,2844,26,1
320,AC,0.679,15.8,4206,18,1
301,TV,0.561,10.1,2727,21,1
103,TV,0.549,10.3,2520,28,1
308,AC,0.942,4.8,887,33,1
115,AC,0.618,17.7,2173,10,0
327,AC,0.356,8.2,4872,20,1
225,AC,0.946,17.9,2651,12,1
410,TV,0.493,3.9,433,3,0
422,AC,0.331,9.9,3819,24,1
311,AC,0.841,3.1,625,17,1
328,Set-top box,0.087,4.0,52,5,0
312,Set-top box,0.35,15.2,2465,33,1
223,AC,0.274,2.2,3433,34,1
117,AC,0.698,12.5,3487,7,0
106,AC,0.571,16.0,3394,7,1
104,AC,0.421,13.8,4347,38,1
115,TV,0.225,6.2,1135,27,1
308,AC,0.714,15.9,3971,2,1
328,AC,0.588,15.0,4282,11,1
115,TV,0.101,12.2,3527,23,1
125,AC,0.311,9.3,4819,15,1
120,AC,0.63,3.8,1862,13,0
112,Set-top box,0.14,18.0,786,43,1
308,AC,0.303,21.1,1065,3,0
426,Set-top box,0.305,1.3,1695,27,0
312,AC,0.402,10.0,3860,23,0
309,AC,0.633,8.4,2890,26,1
124,TV,0.521,5.4,1550,7,0
316,AC,0.729,6.5,1151,2,1
405,AC,0.679,9.1,4864,39,1
402,AC,0.882,15.8,1869,22,1
329,Set-top box,0.28,5.1,670,7,0
306,TV,0.292,13.1,3936,25,1
304,AC,0.819,21.8,1534,1,0
318,AC,0.535,3.8,348,18,1
102,Set-top box,0.176,11.9,1687,43,0
220,Set-top box,0.216,1.8,1616,46,0
417,Set-top box,0.06,12.4,1289,36,1
328,Set-top box,0.329,16.6,1340,17,0
314,TV,0.119,15.2,1348,7,0
318,TV,0.227,12.0,2567,23,1
320,AC,0.718,7.7,3751,40,1
329,AC,0.47,19.3,1549,22,0
107,Set-top box,0.202,11.2,3282,40,1
108,TV,0.689,5.3,116,11,0
312,AC,0.59,17.0,1815,27,1
120,AC,0.401,14.4,3679,14,0
225,Set-top box,0.065,13.7,3380,50,1
309,Set-top box,0.087,13.3,2981,40,0
107,Set-top box,0.312,3.4,1482,19,0
130,AC,0.846,17.5,1089,13,1
406,Set-top box,0.309,2.6,1375,28,1
120,TV,0.139,12.4,3218,6,0
327,TV,0.666,3.3,3659,22,1
305,Set-top box,0.216,1.4,3349,19,1
112,TV,0.657,6.1,2359,7,0
201,Set-top box,0.189,7.8,3494,14,1
401,Set-top box,0.43,12.1,2830,31,1
204,AC,0.773,18.4,222,38,1
430,AC,0.37,15.1,2818,38,1
106,TV,0.615,3.5,582,17,1
421,TV,0.255,5.6,2631,18,0
326,Set-top box,0.493,12.2,2097,1,1
316,TV,0.13,15.6,2276,28,1
209,AC,0.846,13.9,2788,16,1
113,AC,0.551,15.9,2662,4,0
113,TV,0.522,14.5,2414,3,0
223,AC,0.301,5.6,408,20,0
416,Set-top box,0.44,4.4,1730,7,1
102,AC,0.737,8.0,2640,4,1
122,TV,0.308,14.9,976,19,0
124,TV,0.624,4.4,2038,6,1
111,AC,0.248,19.9,3917,2,1
215,Set-top box,0.071,1.7,263,42,1
417,AC,0.479,20.0,2406,7,0
115,Set-top box,0.063,12.6,757,22,1
407,AC,0.665,18.2,925,24,1
229,Set-top box,0.264,8.5,1257,9,0
413,AC,0.574,17.2,1907,29,1
404,Set-top box,0.32,15.7,1130,3,0
320,Set-top box,0.182,11.9,2646,8,0
407,AC,0.902,13.5,1606,2,1
106,Set-top box,0.441,10.6,1691,4,1
212,AC,0.604,16.7,1326,30,1
122,Set-top box,0.493,16.6,1197,25,1
426,TV,0.408,1.9,2214,25,1
119,Set-top box,0.353,17.7,2712,11,1
204,TV,0.461,14.8,3071,10,1
103,TV,0.426,8.1,897,26,1
120,TV,0.293,16.6,3920,3,1
101,TV,0.102,13.3,2997,8,0
110,TV,0.122,6.1,2518,3,0
330,AC,0.253,21.5,2998,36,1
229,Set-top box,0.248,14.4,474,9,0
216,AC,0.201,8.9,3073,20,1
124,AC,0.817,7.0,4145,5,1
123,Set-top box,0.429,14.9,3442,0,1
216,Set-top box,0.2,7.1,397,2,0
114,AC,0.531,11.0,812,25,0
114,Set-top box,0.262,17.8,348,1,0
414,Set-top box,0.486,2.8,723,3,0
309,TV,0.589,1.4,177,9,1
326,AC,0.543,8.1,3059,18,0
421,Set-top box,0.192,1.9,2206,28,0
419,Set-top box,0.462,10.7,3438,49,1
110,TV,0.205,16.6,3475,12,1
318,Set-top box,0.17,14.3,1616,36,1
228,TV,0.607,17.5,507,25,1
325,Set-top box,0.201,5.9,494,25,0
326,TV,0.643,15.3,1464,5,1
118,TV,0.538,17.2,3703,10,1
409,AC,0.377,17.8,782,40,1
129,TV,0.133,17.9,2700,2,1
416,AC,0.457,20.6,946,37,1
123,TV,0.479,11.8,2360,13,0
207,Set-top box,0.388,9.5,126,7,0
401,AC,0.359,21.3,3626,23,1
114,Set-top box,0.088,2.3,882,9,0
227,AC,0.223,19.9,1304,11,0
219,TV,0.389,17.2,1477,22,1
228,TV,0.505,14.0,146,17,1
329,Set-top box,0.177,12.5,1919,21,0
305,AC,0.728,20.3,2759,11,0
110,Set-top box,0.103,16.6,1258,23,0
224,Set-top box,0.466,12.3,627,6,1
230,TV,0.366,11.9,2462,25,1
119,TV,0.556,4.8,1448,11,0
309,Set-top box,0.477,12.6,161,24,1
108,AC,0.328,11.0,4255,9,0
224,Set-top box,0.425,1.4,882,18,0
113,TV,0.337,13.5,3667,6,1
407,Set-top box,0.096,3.0,2107,20,0
311,TV,0.149,13.1,1862,4,0
222,TV,0.33,17.5,3828,2,1
220,TV,0.26,9.1,2224,14,0
103,Set-top box,0.402,12.1,3139,1,0
318,Set-top box,0.407,15.6,767,12,1
208,TV,0.28,7.7,553,26,1
305,TV,0.516,2.1,1835,19,1
313,TV,0.351,14.1,2636,11,0
107,AC,0.517,8.2,2831,14,0
126,AC,0.531,10.2,3679,40,0
302,Set-top box,0.351,4.5,3054,39,1
202,Set-top box,0.353,2.8,3469,22,0
312,TV,0.621,9.2,1493,10,1
203,Set-top box,0.438,10.8,922,42,0
314,AC,0.532,20.1,1721,10,0
413,Set-top box,0.194,14.0,505,8,0
124,Set-top box,0.15,15.5,138,49,1
125,AC,0.785,9.9,3700,38,1
328,TV,0.121,6.6,679,11,0
214,TV,0.638,3.9,3926,24,1
330,Set-top box,0.393,5.3,2737,2,1
120,AC,0.64,3.5,2653,33,1
421,TV,0.334,11.7,2218,6,0
126,AC,0.824,4.7,3890,23,1
106,Set-top box,0.352,8.0,2775,48,1
115,AC,0.771,15.1,1889,20,1
302,TV,0.665,18.0,848,4,0
412,TV,0.57,17.2,3555,4,1
230,Set-top box,0.368,5.2,2535,37,1
128,AC,0.689,12.2,1094,18,1
315,AC,0.733,20.9,2038,31,1
325,TV,0.571,13.6,2330,19,1
420,AC,0.982,15.8,2976,5,1
428,TV,0.222,3.3,2939,3,0
214,AC,0.87,12.8,1066,13,0
314,TV,0.341,3.8,2593,20,1
411,Set-top box,0.137,6.3,960,22,0
115,TV,0.162,10.0,1025,13,0
430,TV,0.37,18.0,3375,28,1
412,TV,0.146,16.8,3651,14,0
308,TV,0.254,4.3,3727,8,0
109,TV,0.259,4.6,2393,13,0
122,AC,0.727,17.0,3708,10,1
309,Set-top box,0.486,2.3,2024,31,1
213,TV,0.53,15.4,3877,25,1
411,TV,0.28,17.8,3945,2,0
230,Set-top box,0.096,11.9,1180,34,1
320,Set-top box,0.15,17.0,2287,36,0
202,Set-top box,0.307,2.7,2418,48,1
121,TV,0.312,15.8,2044,25,1
412,TV,0.196,2.0,900,11,1
104,TV,0.478,1.9,661,25,1
117,Set-top box,0.453,15.5,1930,16,1
118,TV,0.527,14.5,1586,28,1
320,TV,0.123,11.9,1353,21,1
115,Set-top box,0.134,5.8,658,2,0
306,TV,0.556,8.8,378,10,0
418,Set-top box,0.12,4.8,1541,15,1
412,Set-top box,0.086,3.5,1070,0,0
124,AC,0.323,12.7,929,8,0
302,Set-top box,0.08,13.8,624,9,0
330,TV,0.125,17.1,2434,23,0
204,Set-top box,0.498,5.8,2823,12,1
401,TV,0.566,11.0,536,8,1
316,Set-top box,0.384,11.8,382,5,0
424,AC,0.577,12.7,3820,23,1
108,TV,0.186,8.3,2568,11,0
202,TV,0.233,4.2,3724,17,1
115,TV,0.247,1.1,1729,0,0
229,AC,0.649,8.9,1750,33,1
102,AC,0.988,7.3,3777,18,1
407,AC,0.987,6.7,1273,28,1
402,AC,0.358,14.4,2925,9,0
424,TV,0.18,13.3,951,20,1
317,TV,0.151,7.4,1734,25,1
423,TV,0.34,1.1,1764,10,0
213,AC,0.315,12.4,4734,32,1
220,Set-top box,0.056,9.1,1418,1,0
327,Set-top box,0.299,1.1,2391,23,0
405,TV,0.24,5.2,2787,23,1
327,AC,0.238,11.7,3499,35,1
220,TV,0.171,10.4,1501,13,0
128,AC,0.949,16.4,2870,5,1
117,TV,0.549,12.7,1217,0,0
113,Set-top box,0.325,8.3,2573,8,0
204,TV,0.154,15.0,1014,9,0
229,AC,0.992,9.5,4453,8,1
307,TV,0.248,17.1,2869,7,0
408,Set-top box,0.467,13.8,2217,19,0
204,TV,0.595,12.9,2123,2,1
225,Set-top box,0.497,13.4,1576,48,1
401,AC,0.733,9.3,1982,14,1
208,Set-top box,0.326,6.2,2990,14,1
320,Set-top box,0.198,10.1,1433,46,0
125,TV,0.225,10.1,884,17,0
224,AC,0.68,9.0,684,32,1
222,Set-top box,0.477,11.2,2558,5,0
424,AC,0.543,16.7,3003,35,1
216,TV,0.431,14.9,953,10,0
227,TV,0.231,7.4,382,28,1
405,Set-top box,0.137,1.3,2876,4,1
404,AC,0.956,7.2,3003,35,1
418,AC,0.323,16.0,1721,14,0
312,TV,0.63,8.3,2377,8,0
315,TV,0.468,14.6,2220,29,1
328,Set-top box,0.409,11.7,1270,25,0
425,Set-top box,0.377,10.9,2946,11,1
203,TV,0.112,9.0,141,10,0
405,AC,0.743,15.7,2185,37,0
429,Set-top box,0.254,5.6,1868,2,0
212,TV,0.148,16.5,3638,13,1
210,TV,0.596,11.3,159,5,1
202,TV,0.682,3.9,1297,0,0
221,TV,0.507,7.6,1684,30,0
113,Set-top box,0.253,1.9,1520,0,0
125,TV,0.612,2.9,273,7,0
229,Set-top box,0.153,15.5,2438,19,1
325,Set-top box,0.447,12.8,1991,19,1
410,TV,0.457,14.3,1018,12,0
422,AC,0.693,6.6,1485,33,1
406,AC,0.919,13.0,65,22,1
105,Set-top box,0.112,2.7,2620,41,1
108,AC,0.72,17.8,1177,2,1
204,AC,0.788,20.7,4325,37,0
218,AC,0.284,9.5,4720,25,0
114,TV,0.536,13.8,1808,20,1
218,TV,0.362,16.5,2386,12,0
423,AC,0.569,12.1,4077,4,0
221,AC,0.395,16.8,3578,23,1
308,TV,0.141,4.4,197,6,0
220,TV,0.517,2.3,2075,1,0
126,Set-top box,0.072,8.1,780,10,0
223,TV,0.33,8.5,969,6,0
113,Set-top box,0.416,14.7,2385,22,1
129,Set-top box,0.18,4.5,2321,2,0
219,AC,0.927,2.7,265,9,0
222,Set-top box,0.24,4.4,3182,3,1
415,AC,0.359,5.7,3808,11,1
421,Set-top box,0.375,3.1,3061,5,0
412,AC,0.338,3.1,3543,26,1
425,Set-top box,0.087,11.7,1146,47,0
217,AC,0.598,12.7,4412,34,1
415,TV,0.168,16.0,976,10,1
218,AC,0.246,17.8,4644,0,1
204,TV,0.105,17.3,3849,29,1
214,AC,0.64,7.2,1387,25,1
423,TV,0.586,14.7,3555,4,1
414,AC,0.307,13.8,4660,31,1
427,AC,0.373,5.7,3324,19,0
415,Set-top box,0.351,9.6,1682,16,0
424,AC,0.536,6.9,1850,10,0
421,Set-top box,0.243,7.6,554,35,1
411,Set-top box,0.178,16.1,1169,25,1
117,AC,0.613,13.4,1257,7,0
306,AC,0.269,2.2,482,21,0
417,Set-top box,0.254,15.3,2352,24,1
414,Set-top box,0.171,15.1,298,27,1
225,AC,0.254,13.2,1758,11,1
104,AC,0.28,5.9,1913,23,1
322,TV,0.149,10.7,3303,18,1
212,Set-top box,0.176,12.9,3388,15,1
222,TV,0.22,5.3,1842,21,1
205,TV,0.341,12.0,3959,20,1
305,TV,0.135,7.6,2372,3,0
219,Set-top box,0.175,11.3,3357,42,1
205,TV,0.298,1.7,2599,30,1
323,TV,0.37,5.7,3913,2,0
222,TV,0.196,2.6,485,15,0
115,TV,0.323,17.6,397,18,1
324,AC,0.623,11.9,1882,4,0
213,TV,0.285,17.8,555,8,0
101,TV,0.531,4.6,2094,12,0
224,Set-top box,0.284,10.8,2570,20,1
420,AC,0.391,15.1,4459,37,1
104,AC,0.384,16.4,2634,7,0
105,TV,0.483,8.8,2781,0,0
404,Set-top box,0.124,14.6,1248,3,0
421,TV,0.516,16.7,972,16,1
404,TV,0.341,17.9,932,6,0
110,AC,0.53,6.1,4160,39,0
309,Set-top box,0.068,11.2,1797,7,0
329,TV,0.137,4.2,3929,18,1
428,AC,0.284,9.8,1441,22,0
202,Set-top box,0.148,4.3,1204,10,0
127,Set-top box,0.208,8.8,749,18,0
314,AC,0.812,7.8,4492,35,1
406,AC,0.329,10.4,1450,36,1
323,AC,0.673,10.2,1114,8,0
325,Set-top box,0.13,13.1,459,5,0
106,Set-top box,0.244,16.1,1744,21,0
122,Set-top box,0.394,10.2,223,30,1
417,TV,0.12,14.3,2003,17,1
122,TV,0.43,13.3,2340,29,1
224,TV,0.189,9.4,3660,24,1
119,AC,0.673,18.0,3639,11,1
323,Set-top box,0.185,14.6,766,7,0
116,TV,0.301,1.2,908,7,0
311,TV,0.331,11.5,1607,0,0
219,Set-top box,0.45,17.3,1086,37,1
421,Set-top box,0.055,8.6,2672,9,0
418,Set-top box,0.164,18.0,2837,31,0
429,TV,0.205,11.9,2811,17,0
227,AC,0.493,2.3,3352,26,1
418,Set-top box,0.197,11.1,2631,41,1
223,TV,0.262,11.0,1280,26,0
104,TV,0.194,4.0,357,5,1
227,AC,0.267,10.9,2307,38,1
310,Set-top box,0.396,16.1,620,49,1
210,Set-top box,0.314,9.5,2855,29,1
306,TV,0.178,17.6,2606,0,0
427,Set-top box,0.144,3.2,291,30,0
324,Set-top box,0.4,5.5,1688,34,1
207,AC,0.909,16.0,2543,20,0
330,TV,0.399,15.5,570,22,0
322,Set-top box,0.118,4.5,533,43,0
226,Set-top box,0.495,2.6,3340,39,1
304,Set-top box,0.338,13.6,2238,1,1
118,Set-top box,0.41,12.0,3314,10,1
212,AC,0.978,10.0,1424,30,1
421,Set-top box,0.47,11.8,2227,25,1
414,Set-top box,0.093,17.6,1140,11,0
412,AC,0.893,10.0,309,3,0
101,AC,0.33,9.1,2237,4,0
321,Set-top box,0.221,15.7,183,20,1
122,TV,0.509,16.2,3580,0,1
110,TV,0.662,16.5,767,13,0
218,TV,0.437,16.2,863,2,0
420,TV,0.691,17.9,1068,19,0
120,TV,0.421,11.9,2582,2,0
303,TV,0.649,2.5,1713,10,0
418,AC,0.326,6.1,4894,34,1
301,TV,0.226,17.0,3083,19,1
329,TV,0.228,7.5,1094,4,0
319,AC,0.851,8.7,258,3,0
217,Set-top box,0.323,17.3,2372,40,0
122,TV,0.238,6.4,3963,11,1
222,TV,0.345,10.3,344,10,0
314,AC,0.264,14.9,3981,1,1
315,TV,0.11,5.0,2040,12,0
106,TV,0.402,17.1,227,23,1
208,TV,0.434,5.8,1819,6,0
104,TV,0.432,12.9,567,20,0
201,Set-top box,0.45,13.6,1752,28,1
116,TV,0.669,7.7,3207,30,1
123,TV,0.685,10.2,1165,17,1
102,TV,0.404,3.3,1479,28,1
120,TV,0.355,2.8,2252,26,1
313,Set-top box,0.423,8.1,1948,38,1
320,AC,0.439,14.1,4245,35,1
213,Set-top box,0.308,10.7,1171,44,1
328,TV,0.498,7.9,2854,5,1
301,TV,0.176,6.9,333,10,0
215,AC,0.59,5.1,2099,14,0
325,Set-top box,0.274,1.9,3282,27,1
205,Set-top box,0.169,17.4,3367,11,1
118,Set-top box,0.1,10.8,2073,9,0
208,AC,0.456,10.3,2705,16,0
106,AC,0.738,15.4,4838,24,1
324,Set-top box,0.254,6.3,315,28,1
104,TV,0.464,14.4,974,24,1
114,TV,0.438,11.4,722,14,0
402,Set-top box,0.412,14.8,124,16,1
216,AC,0.207,20.6,4250,29,1
126,TV,0.179,4.4,2600,24,1
401,Set-top box,0.346,1.8,153,9,0
225,Set-top box,0.411,16.5,1407,26,1
327,TV,0.556,8.3,2295,6,0
406,Set-top box,0.06,5.6,1996,9,0
413,TV,0.256,12.3,131,12,0
226,TV,0.501,9.0,738,0,0
104,Set-top box,0.309,17.2,3182,43,1
220,AC,0.458,15.8,3619,14,1
316,Set-top box,0.438,13.3,392,20,1
216,TV,0.476,1.2,88,30,1
402,AC,0.876,18.5,4585,14,0
106,AC,0.324,10.3,861,31,1
418,Set-top box,0.087,1.2,3107,18,0
230,AC,0.567,20.3,149,33,0
309,Set-top box,0.396,8.2,2454,39,0
327,TV,0.638,7.6,1150,2,1
412,TV,0.554,13.7,566,26,1
212,AC,0.708,9.4,522,24,0
405,AC,0.4,13.2,1539,10,1
417,TV,0.503,1.8,2051,27,1
113,Set-top box,0.089,15.7,530,49,1
422,Set-top box,0.356,13.7,3485,34,1
127,AC,0.846,19.7,1956,18,0
205,AC,0.258,13.1,476,21,0
115,AC,0.985,21.1,614,29,0
217,Set-top box,0.314,7.5,2451,2,0
311,AC,0.695,13.4,2235,35,1
218,AC,0.491,3.8,1517,29,1
221,TV,0.361,15.9,3344,18,1
312,Set-top box,0.413,14.2,1054,14,0
425,TV,0.593,4.9,1279,2,0
322,Set-top box,0.386,4.6,1252,36,1
226,TV,0.63,6.9,107,29,1
129,Set-top box,0.113,4.3,2998,37,1
424,Set-top box,0.231,13.2,2491,2,0
212,Set-top box,0.349,7.4,284,22,0
107,AC,0.988,3.1,1724,19,0
130,TV,0.182,15.5,1928,13,1
313,Set-top box,0.15,15.0,1028,25,1
118,TV,0.419,1.3,66,20,0
403,TV,0.65,11.6,2342,26,1
310,Set-top box,0.142,8.9,2180,11,0
210,AC,0.527,18.1,2647,17,1
125,AC,0.266,13.4,453,35,1
101,Set-top box,0.438,5.2,829,34,1
402,TV,0.13,7.6,3462,28,1
420,AC,0.576,8.4,634,30,1
226,AC,0.596,14.5,4347,31,1
414,TV,0.457,8.9,2960,10,1
313,AC,0.675,14.3,4359,4,0
326,Set-top box,0.192,10.8,594,30,1
320,Set-top box,0.354,9.7,2413,4,0
214,TV,0.512,13.1,2743,4,1
218,AC,0.959,4.9,1798,20,1
206,TV,0.204,3.7,2065,3,0
404,TV,0.322,2.0,3906,28,1
423,Set-top box,0.069,4.5,3136,49,1
410,TV,0.463,1.5,442,15,1
317,TV,0.135,15.5,1028,6,0
317,AC,0.599,20.6,4274,12,1
401,TV,0.185,3.0,1558,23,1
123,Set-top box,0.488,5.8,562,45,1
111,TV,0.28,2.0,3935,18,0
407,AC,0.932,2.9,1793,2,0
230,AC,0.618,6.9,1546,15,0
123,TV,0.484,6.3,1472,15,0
320,TV,0.456,4.3,1495,26,1
230,Set-top box,0.227,8.1,3172,25,1
303,TV,0.436,4.0,2583,22,1
305,Set-top box,0.106,11.7,902,25,0
216,TV,0.113,3.8,777,26,1
418,Set-top box,0.127,9.0,1655,8,1
319,AC,0.679,9.8,526,28,0
230,Set-top box,0.476,14.3,1647,44,0
401,TV,0.284,2.5,1449,5,0
416,TV,0.598,10.2,3223,10,1
319,Set-top box,0.44,4.9,3419,34,1
325,Set-top box,0.109,15.6,1563,16,0
415,Set-top box,0.478,3.0,1044,31,1
419,TV,0.684,10.5,1950,22,1
309,Set-top box,0.147,8.0,92,43,1
228,TV,0.187,9.4,3706,8,1
310,AC,0.549,16.0,598,4,1
228,AC,0.257,11.8,4854,1,1
419,TV,0.453,13.5,3290,30,1
111,Set-top box,0.376,4.2,1149,24,0
424,Set-top box,0.417,1.5,3439,31,1
401,AC,0.512,15.8,2250,31,1
306,TV,0.636,17.5,3927,21,1
213,AC,0.598,3.7,4545,29,1
105,AC,0.704,18.0,1347,19,1
306,Set-top box,0.079,10.7,1020,49,1
314,Set-top box,0.169,11.0,2348,50,1
324,TV,0.371,16.0,1508,16,1
327,Set-top box,0.34,3.5,426,38,1
308,Set-top box,0.06,10.6,309,46,1
310,TV,0.145,11.2,1759,2,0
412,TV,0.618,14.8,1309,1,1
422,AC,0.488,11.8,1827,12,0
302,AC,0.572,10.3,4446,28,1
327,AC,0.854,20.9,4691,13,0
426,AC,0.913,11.8,182,6,0
430,AC,0.905,14.3,792,28,1
429,Set-top box,0.205,9.4,1574,37,1
130,AC,0.702,17.7,2899,26,1
330,AC,0.236,3.0,2832,15,0
111,TV,0.525,14.7,3796,1,1
405,AC,0.451,17.8,3721,31,1
113,Set-top box,0.087,1.5,3167,14,1
220,TV,0.671,10.8,468,4,0
417,Set-top box,0.489,7.2,3133,27,1
108,AC,0.799,11.0,4424,15,1
119,AC,0.757,3.2,1355,6,0
223,AC,0.442,9.3,4567,18,0
325,AC,0.372,18.6,4854,15,1
216,Set-top box,0.184,9.7,3476,26,1
107,Set-top box,0.092,12.4,2132,23,1
124,AC,0.352,5.7,2898,20,0
125,Set-top box,0.09,7.5,2827,39,0
227,AC,0.305,10.4,1028,3,0
210,Set-top box,0.457,4.5,892,19,1
118,Set-top box,0.198,16.2,2596,17,0
323,TV,0.318,16.4,3968,15,1
210,AC,0.941,4.0,634,23,1
217,Set-top box,0.229,4.3,3129,25,1
125,TV,0.255,9.2,3039,4,0
415,Set-top box,0.252,14.0,158,0,0
208,TV,0.11,12.8,2697,29,1
111,AC,0.919,10.9,505,29,1
127,TV,0.304,9.2,3629,16,1
322,Set-top box,0.117,14.3,771,6,1
209,TV,0.38,12.8,3539,18,1
105,Set-top box,0.163,13.8,3193,42,1
225,AC,0.462,12.1,2311,29,1
329,TV,0.442,5.9,2429,22,0
102,Set-top box,0.442,15.6,961,12,0
103,Set-top box,0.4,3.8,1324,6,0
124,TV,0.332,9.9,2087,24,1
311,AC,0.628,4.5,835,27,1
324,AC,0.908,17.6,3724,9,0
223,TV,0.23,1.5,3022,26,1
225,TV,0.257,6.4,1653,25,1
226,TV,0.382,17.9,72,9,0
210,Set-top box,0.133,10.7,1661,44,0
211,AC,0.934,8.5,3853,31,1
414,AC,0.507,7.3,3987,34,0
329,TV,0.144,7.6,1849,15,0
114,TV,0.625,11.9,2823,4,1
406,AC,0.566,10.7,2049,14,0
313,TV,0.226,9.0,188,11,0
311,AC,0.337,21.3,3189,13,1
420,TV,0.637,8.7,1161,22,1
202,TV,0.171,3.2,2893,4,0
203,AC,0.599,2.5,1517,24,0
415,TV,0.625,6.0,1058,12,0
120,TV,0.424,5.8,3782,16,1
222,TV,0.386,13.9,3211,25,0
114,AC,0.741,11.8,4780,40,1
218,TV,0.447,3.5,2770,26,0
317,Set-top box,0.216,14.5,598,3,1
228,AC,0.266,15.7,880,25,0
415,TV,0.127,1.2,2978,29,1
211,AC,0.373,2.7,4410,13,1
418,Set-top box,0.065,3.3,118,15,0
426,TV,0.416,8.9,3424,10,1
117,AC,0.249,9.7,4330,26,0
324,TV,0.699,16.8,2004,21,1
429,TV,0.658,5.5,1973,17,1
404,TV,0.65,1.3,1910,22,1
224,TV,0.622,15.2,148,22,1
412,AC,0.237,19.5,1505,9,0
419,Set-top box,0.47,17.9,1803,38,0
113,TV,0.422,7.2,857,14,1
104,TV,0.37,8.5,3573,18,0
402,TV,0.533,15.7,1052,2,0
306,Set-top box,0.072,2.4,1362,40,1
207,AC,0.915,14.6,4418,38,1
428,TV,0.286,15.4,116,4,0
103,Set-top box,0.239,9.3,1825,23,0
114,AC,0.677,5.4,2447,18,0
411,TV,0.658,9.9,398,10,1
409,TV,0.212,6.9,3643,3,1
416,AC,0.31,3.2,1411,6,0
322,TV,0.603,13.8,3382,24,1
101,TV,0.197,17.2,3828,16,0
104,AC,0.972,7.4,4458,30,1
220,TV,0.164,2.9,117,28,1
111,Set-top box,0.485,11.9,2059,29,1
308,Set-top box,0.186,5.5,3329,13,1
203,Set-top box,0.179,3.7,2863,38,1
202,Set-top box,0.215,1.2,2811,31,1
306,Set-top box,0.278,2.4,859,16,0
423,TV,0.104,7.6,1878,10,0
227,AC,0.736,3.3,4158,9,0
103,TV,0.516,13.0,313,13,1
221,AC,0.82,4.0,2799,28,1
210,Set-top box,0.326,14.8,767,26,1
109,AC,0.814,4.6,4169,3,0
103,AC,0.38,6.0,250,2,0
303,Set-top box,0.207,12.9,2319,14,0
111,TV,0.446,10.8,3214,21,1
223,AC,0.993,2.3,2097,3,1
311,Set-top box,0.125,2.1,427,39,1
305,Set-top box,0.337,4.0,1641,16,0
318,Set-top box,0.399,8.3,2359,35,0
425,TV,0.555,9.6,903,27,1
124,TV,0.468,6.5,2675,10,1
113,AC,0.605,20.4,3476,34,1
328,TV,0.617,17.6,1833,1,0
117,Set-top box,0.201,5.7,1381,17,0
302,AC,0.413,20.0,2736,27,1
308,TV,0.332,2.8,3871,27,1
230,TV,0.553,17.9,1081,24,1
126,TV,0.294,1.4,1908,18,0
329,TV,0.21,2.8,2250,8,0
310,TV,0.216,13.4,1580,12,0
210,TV,0.665,8.1,1846,14,0
121,AC,0.587,9.2,1842,31,1
230,TV,0.167,13.9,796,15,1
112,Set-top box,0.402,7.1,1060,46,1
105,AC,0.599,10.8,472,13,0
103,AC,0.318,15.8,923,27,1
421,AC,0.863,9.4,1108,33,0
228,AC,0.509,18.4,335,16,0
401,TV,0.49,10.9,1065,25,0
110,Set-top box,0.223,8.6,1143,21,0
411,AC,0.726,21.5,4674,7,1
323,AC,0.821,6.6,3766,7,1
123,TV,0.631,6.3,1063,23,1
129,TV,0.22,7.7,2693,15,1
327,AC,0.26,2.4,427,27,1
101,TV,0.605,9.6,864,4,0
401,TV,0.665,14.9,1282,24,1
403,AC,0.225,12.2,4786,40,1
414,AC,0.569,3.2,4146,29,1
328,TV,0.488,14.6,2187,14,1
423,TV,0.103,14.6,3462,6,1
208,TV,0.572,12.0,367,17,1
222,TV,0.215,10.9,2626,30,1
315,Set-top box,0.142,8.0,3075,4,1
422,TV,0.202,9.6,1296,4,0
108,Set-top box,0.273,9.5,3315,33,1
124,Set-top box,0.297,9.6,2743,10,0
220,Set-top box,0.323,9.8,497,43,1
121,TV,0.601,5.5,2279,18,1
119,TV,0.127,3.8,625,26,1
309,Set-top box,0.438,14.3,2123,28,1
308,Set-top box,0.469,4.0,511,5,0
421,Set-top box,0.385,6.1,2992,25,1
215,Set-top box,0.286,17.2,3289,1,1
307,Set-top box,0.24,14.9,94,19,1
227,Set-top box,0.116,16.0,1284,19,1
320,AC,0.615,18.2,176,23,0
405,Set-top box,0.382,7.6,1695,18,0
412,TV,0.348,16.9,3352,16,1
409,Set-top box,0.278,4.5,1974,28,0
103,TV,0.552,15.5,3955,26,1
312,AC,0.366,14.0,3060,19,1
328,AC,0.212,21.1,2150,5,0
427,TV,0.664,5.9,2296,10,1
219,TV,0.277,13.7,2080,13,0
219,AC,0.22,16.7,3766,40,1
309,TV,0.445,5.3,2304,21,0
424,Set-top box,0.151,16.4,2144,42,0
417,TV,0.166,14.2,1311,10,1
328,Set-top box,0.2,14.0,488,2,0
401,Set-top box,0.258,15.4,848,7,0
209,AC,0.355,13.5,4218,16,1
406,TV,0.525,14.0,3904,22,1
204,AC,0.843,15.2,1491,2,0
209,AC,0.507,17.9,879,21,0
329,AC,0.479,20.8,1807,27,1
101,Set-top box,0.493,2.7,1699,46,1
107,Set-top box,0.189,7.4,3292,21,0
411,TV,0.7,3.1,537,12,0
116,TV,0.234,11.0,768,12,0
115,AC,0.933,8.4,688,36,1
123,AC,0.719,5.5,2381,22,1
212,AC,0.713,13.8,3398,2,0
109,AC,0.432,8.0,1340,40,1
403,TV,0.361,6.1,1403,24,1
104,TV,0.669,4.5,914,8,0
128,Set-top box,0.409,5.9,194,44,0
419,TV,0.491,4.9,188,27,1
402,AC,0.846,18.6,1687,24,1
304,TV,0.524,16.0,777,16,1
126,Set-top box,0.175,11.7,3409,13,1
209,Set-top box,0.449,4.6,383,50,1
409,AC,0.83,3.6,2086,34,1
109,Set-top box,0.394,5.8,2602,43,1
111,Set-top box,0.142,12.0,1892,23,1
101,TV,0.486,3.4,621,7,0
423,TV,0.297,13.9,3689,15,1
406,TV,0.493,5.5,3205,2,0
321,AC,0.23,18.8,1771,25,1
308,AC,0.644,13.9,2623,6,0
214,Set-top box,0.323,17.4,2812,48,1
406,TV,0.672,9.2,1629,3,0
228,Set-top box,0.245,3.0,834,36,1
303,Set-top box,0.309,16.3,1635,47,1
230,TV,0.27,12.0,1132,27,1
310,AC,0.608,2.2,4347,17,1
223,AC,0.395,19.9,2662,34,1
304,AC,0.318,15.6,585,17,0
301,AC,0.754,18.4,3592,1,1
208,TV,0.588,15.1,1516,12,1
110,AC,0.965,11.2,4417,21,1
228,AC,0.735,18.6,2038,6,0
129,AC,0.969,15.7,386,6,0
405,AC,0.338,4.8,4082,24,1
228,AC,0.472,15.1,3537,9,1
405,Set-top box,0.099,6.6,2328,34,1
122,TV,0.17,9.7,1105,28,1
324,Set-top box,0.153,1.7,1835,8,0
106,Set-top box,0.335,1.5,3106,33,1
201,Set-top box,0.227,9.3,2520,38,1
429,Set-top box,0.149,1.3,1198,12,0
217,Set-top box,0.488,12.9,448,21,1
115,Set-top box,0.079,16.3,1866,8,1
415,Set-top box,0.304,13.6,2692,14,1
230,AC,0.258,11.6,3670,5,0
216,Set-top box,0.207,2.8,2094,42,1
104,TV,0.364,4.1,260,8,0
411,Set-top box,0.206,16.1,2085,16,0
203,AC,0.87,16.5,2331,37,1
108,Set-top box,0.495,10.2,1087,2,0
309,TV,0.544,12.6,3276,10,1
415,TV,0.201,7.1,216,4,0
102,Set-top box,0.455,4.2,231,45,1
412,Set-top box,0.087,13.3,1062,1,0
418,TV,0.332,7.4,2675,8,0
119,AC,0.823,14.2,1120,30,0
311,Set-top box,0.462,2.6,2898,35,1
216,TV,0.126,5.2,392,8,0
409,Set-top box,0.476,11.0,3162,33,0
203,Set-top box,0.285,7.2,655,15,0
429,AC,0.999,20.4,961,14,1
201,TV,0.682,13.8,2399,21,1
211,AC,0.435,12.7,3251,10,1
102,TV,0.247,5.8,1844,26,1
130,Set-top box,0.361,10.0,1264,27,0
318,TV,0.538,12.5,3548,14,1
317,AC,0.876,10.6,902,19,0
114,Set-top box,0.428,8.2,2287,43,1
222,TV,0.165,8.6,595,20,0
128,TV,0.399,13.4,2966,16,1
112,AC,0.337,12.0,3604,21,1
404,TV,0.474,5.0,608,0,0
101,AC,0.992,14.8,4612,14,1
330,AC,0.423,6.2,1128,33,1
320,AC,0.258,15.0,1477,4,0
316,Set-top box,0.376,5.7,664,25,1
116,Set-top box,0.262,16.2,1135,5,0
411,TV,0.114,17.2,3533,2,1
305,TV,0.273,3.7,2291,30,1
223,Set-top box,0.374,14.1,1115,10,0
220,AC,0.353,20.0,3071,34,0
220,AC,0.451,14.2,3272,19,0
217,AC,0.467,18.0,2064,24,1
408,AC,0.827,3.0,4243,36,0
305,Set-top box,0.378,14.3,1538,29,1
413,TV,0.618,16.3,78,5,0
223,TV,0.584,10.4,3951,23,0
222,Set-top box,0.425,10.7,1990,32,1
422,Set-top box,0.183,3.2,3102,14,0
305,AC,0.365,15.8,2429,0,0
229,Set-top box,0.396,7.2,2985,32,1
415,AC,0.845,3.6,1639,28,0
412,TV,0.166,2.5,3288,20,1
411,Set-top box,0.457,8.9,3284,22,1
226,AC,0.792,16.7,910,27,1
230,AC,0.793,9.3,319,25,1
103,AC,0.704,5.9,3195,31,1
202,TV,0.223,16.3,806,21,1
407,TV,0.289,8.2,780,5,0
317,Set-top box,0.499,1.5,487,21,1
428,AC,0.25,3.4,3606,31,1
107,AC,0.384,13.2,2951,4,0
321,Set-top box,0.09,5.2,1124,31,1
408,TV,0.644,15.2,2850,22,1
204,AC,0.23,5.2,1167,1,0
205,TV,0.157,6.6,1214,21,0
308,Set-top box,0.437,4.5,2998,24,1
423,Set-top box,0.058,6.7,3443,40,1
203,Set-top box,0.152,13.6,426,45,1
422,AC,0.311,21.2,4102,4,1
109,Set-top box,0.122,6.6,2416,46,1
302,Set-top box,0.172,17.8,1612,16,1
215,Set-top box,0.384,7.1,3239,37,1
119,AC,0.76,3.9,2086,30,1
101,AC,0.671,18.2,103,10,0
211,TV,0.508,2.1,3977,28,1
112,Set-top box,0.358,3.9,1151,19,1
316,TV,0.208,15.9,3322,4,1
208,Set-top box,0.136,12.5,2888,43,1
102,AC,0.535,13.7,4332,20,0
205,TV,0.294,1.5,1935,26,1
102,AC,0.889,13.0,464,34,1
321,Set-top box,0.187,2.6,1594,47,1
201,TV,0.391,17.5,3202,27,1
223,TV,0.59,3.4,1012,22,1
322,AC,0.397,20.0,3888,33,0
427,Set-top box,0.338,11.5,3130,48,1
110,Set-top box,0.133,3.4,1375,15,1
313,TV,0.462,17.3,3766,6,1
103,TV,0.483,14.0,2185,15,1
411,AC,0.593,20.8,1265,0,0
109,Set-top box,0.319,15.3,2804,30,1
226,AC,0.899,10.4,125,18,1
325,Set-top box,0.056,14.4,1322,20,0
110,AC,0.898,16.7,560,8,0
114,AC,0.306,4.9,2688,15,0
215,AC,0.568,8.0,927,0,0
227,Set-top box,0.185,11.1,2907,33,1
230,Set-top box,0.49,13.5,3426,9,0
329,Set-top box,0.324,12.2,326,22,0
109,TV,0.281,5.2,3356,21,1
316,AC,0.76,5.3,4311,35,0
120,AC,0.357,16.5,1635,18,0
303,Set-top box,0.292,3.2,3262,32,1
407,Set-top box,0.191,9.3,385,8,0
412,Set-top box,0.243,6.2,1431,43,1
430,AC,0.422,9.4,553,15,0
420,AC,0.877,8.2,2567,31,1
317,TV,0.274,10.8,3387,16,1
222,TV,0.446,16.8,3226,21,1
305,Set-top box,0.114,2.8,2721,28,1
307,AC,0.724,21.4,2111,18,1
104,AC,0.752,14.9,4070,28,1
214,Set-top box,0.387,5.2,3076,42,0
109,TV,0.147,4.3,3967,17,1
127,Set-top box,0.191,14.9,2970,48,1
319,AC,0.822,10.0,1270,15,0
409,TV,0.678,1.6,2791,17,1
111,AC,0.447,2.4,2134,0,0
422,AC,0.349,13.2,1142,20,1
206,TV,0.7,7.1,1118,11,0
412,AC,0.705,8.5,4674,1,1
129,Set-top box,0.225,14.5,2685,19,1
311,Set-top box,0.299,7.3,782,9,0
421,TV,0.174,11.5,264,10,0
328,TV,0.423,4.6,3206,23,1
206,Set-top box,0.475,8.5,3204,0,1
422,Set-top box,0.097,16.7,2454,44,1
204,Set-top box,0.287,14.1,1908,43,1
428,AC,0.649,19.6,3466,7,1
313,TV,0.649,10.6,2916,5,1
229,Set-top box,0.455,9.4,1052,48,1
121,AC,0.37,2.7,2184,34,0
403,AC,0.74,2.6,2828,36,0
403,AC,0.418,7.7,3786,18,1
312,AC,0.569,18.0,3285,35,1
119,TV,0.46,16.0,2114,28,1
107,AC,0.536,8.8,3081,19,0
322,Set-top box,0.375,8.6,3011,21,1
110,Set-top box,0.149,3.3,677,29,0
104,AC,0.735,8.7,4099,20,1
220,AC,0.504,16.0,1178,37,1
316,TV,0.423,2.4,2200,17,1
213,AC,0.336,20.9,782,6,0
328,Set-top box,0.293,6.6,267,28,0
118,AC,0.341,14.7,88,28,1
120,Set-top box,0.449,17.4,3037,41,1
410,TV,0.33,8.3,2866,12,1
427,TV,0.322,5.2,2669,16,1
315,AC,0.664,21.3,2088,8,0
321,Set-top box,0.262,9.8,406,42,1
118,AC,0.824,4.6,3602,40,1
428,TV,0.42,15.5,1275,10,1
307,AC,0.375,7.0,2874,15,0
322,AC,0.774,6.3,4674,37,0
423,AC,0.758,21.7,1687,16,1
311,AC,0.377,11.2,1406,11,0
428,AC,0.641,6.4,1857,38,1
102,AC,0.966,21.9,4602,31,1
402,AC,0.775,21.3,2935,13,0
116,TV,0.575,17.3,2709,10,1
430,AC,0.226,3.6,1082,19,1
114,TV,0.321,6.1,1617,24,0
110,TV,0.154,10.8,2241,23,1
127,AC,0.702,19.8,4448,21,1
118,TV,0.517,11.7,1283,13,0
329,TV,0.231,11.8,3443,0,1
403,Set-top box,0.069,5.7,1822,19,0
328,Set-top box,0.211,17.4,93,10,0
430,Set-top box,0.226,11.6,2834,28,1
124,AC,0.588,10.8,2464,34,1
107,Set-top box,0.364,7.7,2487,45,0
314,TV,0.452,12.9,3100,7,0
408,TV,0.329,2.5,2012,14,0
120,AC,0.981,8.3,4573,3,1
313,TV,0.377,13.0,200,2,1
326,AC,0.471,4.9,1662,4,0
221,TV,0.23,15.0,555,1,0
121,TV,0.463,9.5,619,14,1
219,TV,0.607,16.5,901,12,1
201,Set-top box,0.173,4.0,1942,45,1
122,TV,0.39,5.1,1441,30,1
420,TV,0.271,11.0,3704,26,1
220,AC,0.42,17.1,3329,5,0
103,AC,0.914,10.5,4538,28,0
217,TV,0.402,1.2,3460,13,0
407,TV,0.681,3.2,2488,30,1
215,AC,0.499,9.3,1542,34,1
310,Set-top box,0.27,6.8,2167,39,1
122,Set-top box,0.426,15.2,1508,9,0
114,TV,0.575,5.2,2690,2,1
324,Set-top box,0.151,13.3,1500,6,0
117,TV,0.287,15.3,3565,22,1
127,TV,0.126,15.4,3621,2,1
212,AC,0.952,21.4,3106,24,1
410,TV,0.583,5.3,3614,29,1
210,Set-top box,0.108,8.1,3093,4,0
315,AC,0.797,15.8,4773,11,1
222,AC,0.217,4.8,2021,10,0
220,Set-top box,0.162,2.9,521,3,0
204,AC,0.909,9.9,1201,15,1
101,Set-top box,0.471,10.7,1986,15,0
413,AC,0.55,6.5,4392,10,0
116,Set-top box,0.253,14.6,186,18,1
401,TV,0.458,6.5,3900,11,1
321,Set-top box,0.081,4.7,3382,11,0
408,AC,0.984,11.2,2179,18,0
428,AC,0.208,7.7,4885,5,0
425,AC,0.281,5.4,1836,6,0
308,TV,0.274,1.4,2977,22,1
127,Set-top box,0.297,5.6,2935,18,0
409,AC,0.569,10.0,2861,33,1
125,AC,0.268,12.0,1118,8,0
113,Set-top box,0.174,10.1,738,49,1
407,AC,0.921,2.4,4509,11,1
326,AC,0.54,4.9,958,10,1
413,TV,0.428,12.5,2984,17,1
305,AC,0.752,3.4,987,7,0
422,Set-top box,0.252,6.4,2039,41,1
325,AC,0.804,14.0,1387,13,0
123,Set-top box,0.382,7.6,1599,14,0
209,AC,0.933,9.5,582,8,1
423,Set-top box,0.274,11.9,962,36,1
230,TV,0.226,12.4,1376,5,0
317,AC,0.249,18.0,1052,25,1
210,AC,0.388,6.4,3531,24,1
109,AC,0.294,17.5,3705,13,0
403,TV,0.371,4.8,3658,8,0
322,TV,0.665,13.7,2769,0,1
205,Set-top box,0.183,1.8,363,2,0
212,Set-top box,0.054,5.5,79,42,1
403,Set-top box,0.197,16.3,2174,22,1
203,TV,0.475,7.5,1803,11,0
104,TV,0.524,13.0,1909,2,0
111,TV,0.553,9.0,3528,7,1
202,Set-top box,0.122,9.5,3034,39,1
425,TV,0.449,9.5,1905,22,0
127,Set-top box,0.127,6.3,1437,34,1
130,Set-top box,0.057,12.4,712,45,1
115,Set-top box,0.407,3.1,302,49,0
421,Set-top box,0.48,12.6,327,28,1
412,TV,0.345,10.3,2141,27,1
301,AC,0.61,2.3,3631,2,0
118,TV,0.497,5.6,2530,22,1
101,TV,0.317,18.0,616,16,1
226,TV,0.548,17.9,3850,4,1
320,Set-top box,0.151,4.3,2622,39,1
220,AC,0.282,6.5,135,8,0
413,AC,0.492,2.2,1036,4,0
218,TV,0.389,10.1,3260,5,0
119,TV,0.234,8.7,2344,24,1
327,TV,0.424,10.5,2180,28,1
126,TV,0.564,5.9,731,13,1
330,AC,0.5,20.9,4215,37,1
320,TV,0.362,9.5,3513,4,0
423,TV,0.367,4.4,3343,3,1
315,Set-top box,0.092,5.3,2500,34,1
313,AC,0.27,5.3,2587,21,1
111,Set-top box,0.428,16.5,1568,20,1
306,TV,0.112,7.5,3754,15,1
115,TV,0.568,10.9,686,3,1
313,Set-top box,0.2,7.9,2618,50,1
305,AC,0.679,14.4,2165,27,1
302,TV,0.501,6.8,2176,8,1
129,Set-top box,0.311,16.7,201,47,1
307,TV,0.392,12.3,1497,30,1
216,TV,0.536,14.7,2521,3,1
112,TV,0.681,6.5,2647,8,0
326,AC,0.477,13.8,3211,34,1
326,TV,0.618,14.4,3082,3,1
116,AC,0.635,2.4,3183,22,1
314,AC,0.261,5.1,1044,0,0
210,TV,0.283,3.9,2814,17,1
423,Set-top box,0.201,3.6,1150,7,0
106,Set-top box,0.418,11.4,2682,35,1
217,Set-top box,0.373,17.9,2104,33,0
424,TV,0.122,14.8,3174,13,1
216,TV,0.645,17.5,460,23,1
103,TV,0.507,7.9,726,26,1
301,TV,0.293,3.6,3554,7,0
302,Set-top box,0.375,6.1,356,16,0
229,Set-top box,0.18,4.8,1569,36,1
310,Set-top box,0.116,11.3,1084,7,0
314,TV,0.213,10.7,120,21,0
324,Set-top box,0.457,2.5,2429,27,1
102,AC,0.255,3.4,1976,25,1
215,Set-top box,0.351,12.6,3205,8,1
316,AC,0.354,18.4,1968,2,0
411,TV,0.111,9.8,1068,25,1
421,AC,0.251,9.8,651,39,1
204,TV,0.575,3.3,1691,6,0
420,AC,0.977,3.2,3482,5,1
306,Set-top box,0.264,4.4,2078,38,1
116,TV,0.513,3.2,3035,0,0
308,TV,0.395,6.9,380,18,0
101,TV,0.561,6.8,1252,13,1
328,Set-top box,0.474,2.6,2862,1,1
420,TV,0.144,14.5,2134,0,0
329,AC,0.237,9.8,322,3,0
127,TV,0.41,17.9,890,23,1
421,TV,0.434,11.7,544,22,1
324,TV,0.636,6.2,616,5,0
429,TV,0.234,7.6,3146,11,0
408,TV,0.66,11.1,1678,18,0
322,TV,0.338,14.4,3584,1,0
428,Set-top box,0.183,8.3,2528,4,0
323,Set-top box,0.288,7.0,1794,45,1
301,TV,0.657,12.2,876,9,1
226,TV,0.511,14.6,3949,22,1
416,TV,0.335,10.4,757,5,0
316,TV,0.578,3.2,270,7,0
309,TV,0.414,14.9,947,18,1
114,Set-top box,0.231,11.9,2252,39,1
104,Set-top box,0.459,15.1,342,3,1
428,AC,0.657,4.3,2072,36,1
415,AC,0.231,8.8,138,2,0
106,TV,0.394,16.5,351,28,1
220,Set-top box,0.447,12.9,1707,25,1
404,Set-top box,0.485,1.7,2904,22,0
110,Set-top box,0.276,16.2,2931,49,1
407,Set-top box,0.288,11.8,1537,19,0
206,TV,0.205,15.6,2112,1,0
419,Set-top box,0.283,5.0,3456,14,1
303,TV,0.129,8.8,2650,8,0
302,AC,0.316,16.7,330,24,1
305,Set-top box,0.394,7.9,2687,19,1
104,Set-top box,0.309,14.0,767,30,1
312,Set-top box,0.364,9.6,1740,47,1
410,AC,0.517,9.0,1416,2,0
121,TV,0.41,7.4,3766,7,0
215,TV,0.48,4.9,1426,13,0
225,AC,0.729,19.6,341,40,1
403,Set-top box,0.078,3.9,2010,48,1
316,Set-top box,0.309,9.1,2061,33,0
315,TV,0.273,8.0,3659,9,1
221,AC,0.616,8.9,1057,27,0
227,Set-top box,0.467,2.8,1794,49,1
407,TV,0.39,12.3,3960,13,1
114,TV,0.365,4.7,3722,3,1
123,Set-top box,0.239,14.4,2091,23,1
322,Set-top box,0.466,13.9,1068,12,0
319,AC,0.819,19.0,2277,40,0
427,Set-top box,0.185,4.7,3411,36,1
410,Set-top box,0.465,9.0,373,41,1
111,TV,0.647,11.6,1799,17,1
128,TV,0.685,3.3,612,20,1
425,AC,0.992,4.3,3273,34,1
429,Set-top box,0.378,7.6,1771,29,1
221,TV,0.274,1.5,3871,11,1
224,TV,0.353,3.2,2904,17,1
222,TV,0.25,1.6,3121,2,0
121,Set-top box,0.359,16.7,2493,37,1
124,AC,0.471,21.4,541,3,0
406,TV,0.38,8.6,1728,3,0
126,AC,0.419,17.6,924,8,0
228,AC,0.687,17.4,3073,23,1
302,TV,0.685,15.1,542,17,1
120,AC,0.465,7.9,4395,30,0
106,AC,0.91,4.7,3766,23,1
410,AC,0.497,17.6,4562,4,1
321,AC,0.608,21.7,2340,34,1
425,AC,0.91,21.0,888,9,0
315,AC,0.526,15.6,2288,36,1
321,AC,0.715,4.2,763,2,0
227,AC,0.763,7.5,518,36,1
107,AC,0.876,6.9,4874,25,1
119,AC,0.379,21.1,2821,33,1
130,AC,0.869,16.8,3343,20,1
309,TV,0.295,15.2,1579,17,0
417,TV,0.241,14.3,2521,0,0
220,TV,0.394,5.8,3214,23,1
227,AC,0.481,8.8,4704,5,0
430,Set-top box,0.464,12.4,2093,27,0
324,AC,0.79,21.3,4891,38,1
427,TV,0.262,14.0,1828,23,1
418,Set-top box,0.202,10.6,2677,41,1
222,AC,0.758,4.1,3465,27,1
222,Set-top box,0.328,10.5,614,4,0
122,AC,0.607,17.7,4560,39,1
315,AC,0.385,7.0,431,4,0
127,TV,0.569,6.2,3563,10,1
107,TV,0.475,15.7,2619,10,1
320,Set-top box,0.383,15.4,3283,25,1
119,AC,0.29,10.2,426,4,0
415,TV,0.696,13.8,3517,27,1
423,Set-top box,0.225,5.6,103,19,0
127,AC,0.71,2.2,1698,18,1
224,TV,0.692,16.7,1053,24,0
423,TV,0.695,3.9,1976,13,1
302,Set-top box,0.154,8.5,3417,7,0
104,AC,0.268,16.4,4052,35,1
428,TV,0.378,15.7,711,29,1
106,TV,0.429,6.5,2496,16,1
411,Set-top box,0.058,6.0,703,39,1
202,AC,0.965,18.7,3921,7,1
121,TV,0.317,13.2,534,21,1
222,TV,0.221,3.8,3383,16,0
203,AC,0.683,10.1,4019,32,1
408,Set-top box,0.337,4.6,2109,21,0
211,Set-top box,0.199,5.1,2259,3,0
407,AC,0.867,9.2,905,14,1
314,TV,0.328,3.6,1442,27,1
205,TV,0.579,13.6,2291,30,1
111,TV,0.363,10.2,3139,27,1
101,Set-top box,0.305,2.3,3047,31,1
413,TV,0.549,15.9,631,2,1
430,TV,0.601,7.7,566,26,1
203,AC,0.226,13.1,2532,10,0
203,Set-top box,0.264,4.6,3308,4,0
126,Set-top box,0.272,4.7,2751,30,1
311,TV,0.461,12.9,1596,5,0
415,Set-top box,0.316,3.2,3375,34,1
112,TV,0.224,3.5,3411,22,1
404,TV,0.238,4.7,1088,13,0
101,Set-top box,0.413,4.2,447,42,1
202,AC,0.234,18.5,4844,19,1
405,Set-top box,0.433,4.8,693,4,0
303,TV,0.484,13.9,878,8,0
309,AC,0.558,2.0,411,36,1
202,AC,0.979,18.4,3107,32,1
203,Set-top box,0.146,5.5,1267,36,1
115,Set-top box,0.162,7.0,2153,3,0
213,Set-top box,0.344,7.2,541,7,1
410,TV,0.588,10.6,3094,16,1
226,Set-top box,0.462,9.5,103,38,1
303,TV,0.196,3.9,115,3,0
127,Set-top box,0.317,15.2,2914,28,1
105,Set-top box,0.084,13.8,974,43,1
223,AC,0.64,4.3,1016,39,0
122,AC,0.856,14.8,3646,0,1
120,TV,0.153,1.9,3303,8,0
301,Set-top box,0.188,11.6,3496,16,1
304,AC,0.839,12.2,3385,9,0
428,Set-top box,0.274,6.3,357,0,0
302,Set-top box,0.118,17.0,2547,27,0
220,Set-top box,0.18,1.1,808,32,0
314,AC,0.561,4.4,4429,29,1
416,Set-top box,0.246,3.3,869,45,1
408,AC,0.37,8.5,1904,30,0
201,TV,0.189,8.6,715,17,1
111,AC,0.805,21.6,3842,34,1
218,TV,0.375,3.5,3590,10,1
111,AC,0.532,13.3,4627,29,1
215,TV,0.155,1.9,1718,16,0
419,Set-top box,0.384,12.3,2906,8,1
414,TV,0.638,12.8,3315,8,1
319,TV,0.561,5.5,1677,29,1
114,TV,0.461,13.3,1217,24,0
130,Set-top box,0.443,7.9,3285,23,1
103,AC,0.843,15.9,3855,3,1
414,TV,0.225,10.3,3821,12,1
314,AC,0.585,14.3,732,22,0
229,TV,0.652,3.7,1943,23,0
327,AC,0.423,8.6,4869,24,1
125,Set-top box,0.477,4.8,1449,25,1
113,Set-top box,0.101,14.2,3422,23,1
411,AC,0.45,7.2,4237,14,1
107,Set-top box,0.121,7.3,1208,24,0
228,Set-top box,0.071,7.8,792,43,1
105,AC,0.885,10.2,2656,30,1
109,TV,0.641,6.7,3834,18,1
119,Set-top box,0.294,7.1,1903,6,0
221,TV,0.392,2.1,1257,0,0
103,Set-top box,0.423,13.0,1833,11,0
222,AC,0.605,9.8,1047,19,0
206,Set-top box,0.234,8.8,2164,50,1
130,Set-top box,0.38,9.6,1793,33,1
217,AC,0.221,21.3,3094,3,0
306,Set-top box,0.411,15.5,3261,27,1
413,Set-top box,0.225,1.1,89,13,0
117,Set-top box,0.312,17.9,3392,12,1
211,TV,0.203,17.3,2507,10,0
428,Set-top box,0.245,6.9,2767,25,1
208,AC,0.669,11.9,4182,24,0
425,TV,0.608,13.1,1642,5,0
303,Set-top box,0.291,2.8,3434,38,1
206,AC,0.623,10.4,2637,35,1
306,TV,0.696,14.4,2789,6,0
125,Set-top box,0.465,6.2,2056,25,1
105,Set-top box,0.183,15.8,3344,7,1
304,Set-top box,0.22,9.3,2062,6,0
122,Set-top box,0.23,8.7,2390,8,0
425,AC,0.472,2.9,2657,28,1
201,AC,0.762,17.1,1896,20,1
120,AC,0.943,13.9,2517,31,1
417,AC,0.998,5.3,2453,34,1
408,TV,0.314,12.7,820,9,0
429,AC,1.0,13.8,2484,2,1
309,AC,0.521,11.3,2896,18,1
406,AC,0.635,5.8,839,0,0
122,AC,0.229,6.8,52,10,0
114,AC,0.915,17.2,426,6,0
118,Set-top box,0.483,5.6,1629,44,0
206,TV,0.232,16.5,1439,29,1
122,Set-top box,0.213,15.7,816,35,1
220,TV,0.304,14.8,3169,16,1
224,TV,0.238,14.4,991,18,0
419,Set-top box,0.109,1.1,1990,42,1
402,TV,0.255,7.8,870,10,0
118,Set-top box,0.168,9.9,876,22,0
420,AC,0.352,16.6,2457,19,1
226,Set-top box,0.302,9.3,3281,16,0
308,TV,0.49,8.7,1874,19,0
121,AC,0.632,15.1,1267,23,1
405,TV,0.619,16.8,1731,6,1
229,TV,0.488,10.1,147,14,0
208,TV,0.637,13.0,3173,12,1
103,Set-top box,0.293,18.0,1483,14,0
416,Set-top box,0.473,1.2,2394,20,1
407,TV,0.168,13.8,1801,11,0
320,AC,0.479,15.5,756,25,0
417,AC,0.236,7.5,3560,4,0
223,Set-top box,0.325,6.3,312,28,1
401,TV,0.232,14.1,975,3,0
201,AC,0.414,15.6,2320,3,1
112,Set-top box,0.198,6.7,3390,41,0
306,Set-top box,0.261,13.4,2474,3,0
102,AC,0.363,16.3,2005,16,0
310,TV,0.613,9.0,2047,12,0
416,AC,0.284,6.8,454,33,0
201,TV,0.223,13.0,2776,10,0
208,AC,0.572,18.6,2419,10,1
402,TV,0.207,17.3,1708,1,0
104,TV,0.654,14.4,2610,18,1
123,TV,0.583,8.5,1548,13,1
328,TV,0.316,5.4,3179,28,1
430,AC,0.568,18.7,1527,20,0
317,AC,0.823,21.1,4357,11,1
221,AC,0.886,20.0,4930,30,1
405,Set-top box,0.408,4.0,2108,31,1
307,AC,0.877,21.4,3848,29,1
412,AC,0.852,19.8,2168,19,1
209,Set-top box,0.29,12.8,1352,38,1
203,Set-top box,0.434,16.4,2368,46,1
325,TV,0.458,13.8,2324,25,1
214,AC,0.918,5.6,4957,11,1
322,Set-top box,0.221,4.5,104,42,1
422,TV,0.279,1.9,3727,15,1
105,TV,0.208,4.0,2546,27,1
125,TV,0.501,7.4,3761,21,1
130,AC,0.89,21.7,4207,14,1
310,AC,0.235,5.7,2835,37,1
328,AC,0.409,11.1,788,8,0
314,Set-top box,0.126,17.3,2845,32,1
212,AC,0.642,5.5,3166,29,1
323,TV,0.561,8.7,1783,28,1
421,Set-top box,0.377,17.2,1783,31,1
325,AC,0.407,12.8,4527,40,1
214,Set-top box,0.379,9.2,2159,43,0
124,AC,0.453,13.2,2895,28,1
225,AC,0.61,17.5,2628,2,0
321,TV,0.573,15.3,1229,5,0
406,Set-top box,0.308,7.7,138,35,1
409,Set-top box,0.096,11.8,2820,17,0
211,Set-top box,0.053,15.8,336,12,1
210,AC,0.852,15.7,2298,12,0
326,TV,0.529,7.7,1992,16,1
319,AC,0.926,9.8,501,7,0
321,TV,0.516,17.8,154,4,0
425,TV,0.668,16.5,1278,9,1
414,AC,0.874,9.4,2345,27,1
218,Set-top box,0.387,11.6,2281,6,0
207,AC,0.204,8.8,1984,37,1
220,TV,0.609,2.8,582,7,0
124,Set-top box,0.376,10.0,826,12,0
212,Set-top box,0.45,3.4,2515,7,0
104,TV,0.282,17.9,535,17,1
429,Set-top box,0.453,1.0,1766,38,0
412,Set-top box,0.288,5.7,3332,26,1
425,TV,0.526,3.3,3449,2,1
222,TV,0.325,11.7,170,29,1
307,TV,0.433,10.8,1406,22,1
118,AC,0.577,16.8,4629,11,0
109,AC,1.0,16.4,4356,26,1
328,AC,0.265,19.6,3021,14,0
202,Set-top box,0.191,8.9,2178,8,0
225,Set-top box,0.099,4.8,151,25,0
317,TV,0.689,7.6,1502,30,1
312,AC,0.804,3.3,3141,8,1
422,AC,0.346,13.5,2109,0,1
129,TV,0.421,17.9,1415,21,1
314,Set-top box,0.334,1.3,944,46,1
310,TV,0.551,1.7,1362,24,1
115,TV,0.18,14.9,356,18,1
409,TV,0.277,9.9,1597,25,1
323,AC,0.353,20.7,4553,20,1
402,AC,0.594,17.9,3611,16,1
114,Set-top box,0.08,12.9,3039,15,1
423,Set-top box,0.281,8.0,760,2,0
218,AC,0.605,7.3,399,39,0
322,Set-top box,0.262,4.6,2480,31,1
223,Set-top box,0.395,5.7,2077,8,1
230,Set-top box,0.238,13.3,986,16,0
301,Set-top box,0.318,4.6,3080,42,1
125,Set-top box,0.359,8.1,2396,9,0
219,AC,0.952,9.8,1473,25,0
206,Set-top box,0.283,2.2,1435,20,0
212,AC,0.427,13.2,3989,4,1
420,TV,0.335,7.2,2516,21,1
228,Set-top box,0.337,6.1,1691,1,0
104,Set-top box,0.272,2.4,213,27,0
118,AC,0.243,19.1,1175,12,0
207,TV,0.454,1.8,3712,9,0
418,Set-top box,0.059,3.5,2129,42,1
324,TV,0.262,3.8,2796,13,0
209,TV,0.388,14.1,3386,10,0
318,TV,0.56,10.7,1589,27,1
323,Set-top box,0.45,8.4,659,5,0
416,TV,0.526,9.1,1706,25,1
220,Set-top box,0.357,3.8,1410,29,1
108,TV,0.541,6.7,231,11,0
322,Set-top box,0.485,3.5,248,40,1
403,Set-top box,0.439,10.0,2486,25,1
210,Set-top box,0.255,12.9,2964,50,1
221,Set-top box,0.43,3.1,2794,0,1
201,TV,0.375,6.4,67,23,1
402,AC,0.576,3.8,451,35,0
212,Set-top box,0.321,17.8,3168,17,0
105,AC,0.305,7.8,4020,7,1
308,Set-top box,0.162,11.5,51,1,0
127,TV,0.333,15.7,524,0,0
413,Set-top box,0.435,3.1,1985,15,0
118,Set-top box,0.266,5.0,102,42,1
124,Set-top box,0.32,16.9,1340,35,0
428,TV,0.391,12.9,3214,29,1
301,Set-top box,0.057,17.4,3038,41,0
315,TV,0.669,9.7,3875,4,1
104,AC,0.37,18.0,2838,17,0
319,TV,0.536,14.0,1736,21,1
224,TV,0.544,8.4,3153,15,1
203,AC,0.616,11.8,3867,12,1
113,AC,0.865,3.4,3401,31,1
416,TV,0.567,7.2,3834,6,0
217,TV,0.302,14.3,2897,0,1
122,TV,0.373,7.9,69,8,0
428,TV,0.432,16.1,295,6,0
406,AC,0.478,5.9,1371,34,1
326,AC,0.802,21.0,436,2,0
414,TV,0.698,8.6,1805,8,1
228,Set-top box,0.056,6.8,1468,28,1
413,Set-top box,0.216,2.2,2000,46,1
426,AC,0.562,3.4,1276,40,1
221,Set-top box,0.393,9.8,3487,3,1
124,TV,0.141,3.6,1261,26,1
401,TV,0.155,16.9,1200,10,1
406,AC,0.25,11.0,4424,27,1
118,Set-top box,0.183,1.7,2083,13,0
429,TV,0.179,15.0,3292,29,1
228,AC,0.859,14.2,3311,4,1
314,AC,0.78,20.2,757,4,1
212,Set-top box,0.451,18.0,3395,15,0
307,AC,0.854,3.6,3703,0,0
222,Set-top box,0.23,2.0,2907,7,0
420,Set-top box,0.091,16.3,1207,44,1
206,AC,0.545,10.3,4110,37,1
412,AC,0.817,21.0,4569,21,1
227,AC,0.891,20.6,3773,31,1
326,Set-top box,0.156,10.7,472,9,0
429,TV,0.666,5.1,366,19,1
429,AC,0.274,16.5,4590,17,1
418,Set-top box,0.469,3.4,714,42,0
416,TV,0.251,4.1,102,2,0
201,AC,0.262,5.3,967,9,0
101,TV,0.381,5.3,2316,27,0
420,Set-top box,0.292,10.4,2347,3,0
417,Set-top box,0.34,12.3,141,25,1
205,Set-top box,0.314,8.7,2795,28,1
318,AC,0.908,3.8,273,24,1
426,TV,0.687,15.1,3252,30,1
313,TV,0.296,17.4,1779,21,1
324,TV,0.66,9.7,2096,21,1
227,AC,0.57,4.3,791,11,0
324,Set-top box,0.228,3.6,3133,33,1
411,TV,0.62,10.3,2016,8,0
303,Set-top box,0.444,14.6,2562,36,0
322,TV,0.567,11.9,735,24,0
427,Set-top box,0.363,2.5,1052,1,0
119,Set-top box,0.266,10.7,2782,45,1
409,AC,0.452,13.2,3533,27,1
204,AC,0.894,20.0,3384,23,1
416,AC,0.417,16.4,1193,6,0
203,TV,0.271,2.0,2468,1,0
122,Set-top box,0.309,1.9,3323,27,1
303,AC,0.515,16.9,2895,28,0
111,AC,0.506,19.4,3142,24,1
429,Set-top box,0.284,14.6,1807,0,0
209,Set-top box,0.06,15.3,464,1,0
119,TV,0.679,6.0,2188,11,0
226,AC,0.804,17.9,4519,31,1
111,AC,0.503,6.6,3823,22,1
320,Set-top box,0.48,17.1,2338,20,1
211,TV,0.495,5.7,2605,11,1
129,Set-top box,0.344,9.0,2582,2,1
123,TV,0.429,1.4,1676,16,0
429,Set-top box,0.15,12.2,3021,45,1
425,AC,0.63,4.1,675,19,1
221,Set-top box,0.287,12.8,2113,43,1
122,AC,0.68,12.3,1947,39,1
328,AC,0.226,3.4,3574,37,1
426,Set-top box,0.232,9.9,1783,19,1
324,AC,0.858,7.3,3579,8,1
219,TV,0.232,13.4,3899,4,1
414,TV,0.662,17.9,2472,21,1
304,TV,0.275,6.9,788,18,0
217,TV,0.438,14.4,237,1,0
422,TV,0.151,15.0,2672,15,0
205,AC,0.991,13.2,3799,31,1
423,Set-top box,0.447,6.1,1146,9,0
313,Set-top box,0.455,17.0,116,32,0
417,AC,0.367,7.0,2444,11,0
321,AC,0.617,16.1,4817,15,1
111,TV,0.242,15.9,2754,16,1
215,AC,0.943,21.2,4273,2,0
219,AC,0.816,5.1,4503,5,1
319,TV,0.243,9.7,2792,10,1
113,AC,0.564,6.1,4006,22,1
110,Set-top box,0.353,4.3,2552,40,0
418,TV,0.22,8.6,239,3,0
216,TV,0.156,4.1,807,26,0
318,TV,0.568,6.8,1022,15,0
106,Set-top box,0.097,9.6,683,42,1
121,Set-top box,0.149,8.0,634,50,1
410,AC,0.659,6.1,1503,23,1
213,AC,0.466,6.5,4768,38,1
318,AC,0.701,11.7,4648,9,1
301,AC,0.462,12.9,2185,35,1
328,AC,0.89,10.8,4715,8,1
225,TV,0.339,16.5,1149,15,0
226,TV,0.413,12.0,1618,10,0
427,AC,0.354,14.8,3028,11,0
207,AC,0.866,8.1,3513,32,1
216,TV,0.284,9.1,1048,1,0
211,AC,0.927,10.2,4578,7,0
411,AC,0.571,22.0,129,32,1
424,Set-top box,0.246,6.2,1910,2,0
323,Set-top box,0.164,1.5,543,35,1
304,AC,0.984,13.7,105,39,1
318,Set-top box,0.316,7.1,2821,9,0
110,AC,0.608,11.8,4661,19,1
419,AC,0.259,9.5,2592,36,1
217,AC,0.307,4.2,2911,23,0
329,Set-top box,0.135,12.9,739,6,0
119,AC,0.599,8.3,4124,1,1
316,AC,0.326,3.5,3450,6,0
120,AC,0.859,21.6,122,7,1
416,TV,0.442,4.0,96,25,1
207,AC,0.984,18.0,4308,18,1
308,Set-top box,0.256,7.6,3137,10,0
311,Set-top box,0.134,14.4,1383,10,0
406,Set-top box,0.25,6.1,609,37,0
111,Set-top box,0.459,4.6,828,47,1
206,TV,0.666,9.4,1011,6,0
207,Set-top box,0.328,10.8,266,36,1
127,AC,0.424,2.6,3123,40,1
218,Set-top box,0.097,12.0,2574,26,1
314,TV,0.698,13.3,1445,3,0
324,Set-top box,0.294,3.1,2108,36,0
302,AC,0.381,5.7,2516,21,0
108,AC,0.656,10.8,2358,24,1
203,AC,0.98,8.8,4923,25,1
212,AC,0.601,16.5,4075,25,0
119,AC,0.451,16.1,4349,36,1
215,TV,0.481,4.9,591,12,1
317,AC,0.787,21.2,1503,35,0
325,TV,0.409,5.4,1575,19,1
221,Set-top box,0.261,8.3,1772,26,0
125,AC,0.919,16.1,831,38,1
109,AC,0.882,11.0,3696,5,0
128,AC,0.311,13.6,51,9,0
217,Set-top box,0.371,12.6,1029,13,0
302,AC,0.735,3.9,4087,36,1
125,Set-top box,0.485,10.5,2968,1,1
423,Set-top box,0.464,16.2,2044,8,0
323,TV,0.621,2.8,1453,22,1
127,AC,0.254,8.0,4555,20,1
415,TV,0.676,15.4,2487,1,1
221,TV,0.283,6.1,3847,20,1
311,AC,0.422,13.3,1681,17,1
328,TV,0.681,6.4,983,12,0
213,TV,0.62,1.9,3878,22,1
118,TV,0.669,8.8,2181,19,1
102,TV,0.125,7.2,3871,25,0
221,TV,0.636,16.6,2495,9,1
220,AC,0.564,19.0,1044,23,0
224,TV,0.652,17.1,3780,13,1
205,TV,0.668,18.0,3764,30,1
219,AC,0.873,12.4,4964,20,1
209,TV,0.301,6.1,1396,5,0
321,Set-top box,0.091,14.9,2793,47,1
425,AC,0.453,10.4,2736,29,1
218,AC,0.378,19.5,815,22,1
409,Set-top box,0.157,15.1,1396,34,1
116,Set-top box,0.072,10.7,3490,31,1
313,Set-top box,0.316,5.9,3145,29,1
228,TV,0.375,11.5,3813,26,0
410,TV,0.3,14.6,100,0,0
401,AC,0.959,21.0,334,15,1
323,AC,0.859,5.9,3054,22,1
208,TV,0.386,16.3,2805,5,0
128,Set-top box,0.205,14.2,1970,29,1
406,AC,0.86,10.1,4916,39,1
318,AC,0.973,16.9,4304,6,1
122,AC,0.527,4.1,3540,37,1
317,TV,0.434,9.5,780,26,0
327,AC,0.509,10.7,988,2,0
426,Set-top box,0.131,13.6,100,25,1
205,Set-top box,0.416,7.0,2448,5,0
309,TV,0.344,15.0,2269,20,1
216,AC,0.626,12.3,664,10,0
330,AC,0.603,6.2,3092,21,1
213,Set-top box,0.343,7.2,2407,6,0
413,AC,0.25,16.0,910,38,1
110,Set-top box,0.375,1.2,2727,23,1
228,Set-top box,0.186,9.7,3301,15,0
311,TV,0.46,7.6,924,7,0
317,TV,0.233,3.4,468,2,0
424,AC,0.483,12.6,1196,21,0
428,AC,0.238,8.2,1373,2,0
115,TV,0.289,14.6,2920,26,1
203,TV,0.347,2.0,1050,7,0
412,Set-top box,0.417,7.3,853,42,1
126,AC,0.566,19.6,2062,33,1
106,TV,0.493,15.9,2308,23,0
320,Set-top box,0.151,17.9,2116,6,0
112,AC,0.928,4.1,839,33,1
202,TV,0.57,2.3,3223,15,1
322,AC,0.964,16.7,2728,37,1
221,AC,0.901,5.5,2907,21,1
207,Set-top box,0.368,10.7,3311,49,1
203,Set-top box,0.14,7.8,2609,32,1
223,AC,0.583,4.4,679,4,0
127,Set-top box,0.109,14.8,2911,29,1
222,AC,0.484,4.8,3804,17,1
123,TV,0.15,5.5,686,2,0
204,AC,0.795,20.7,1835,9,1
429,TV,0.169,5.2,2782,0,0
219,TV,0.62,3.0,938,0,0
221,TV,0.105,16.8,652,14,0
129,Set-top box,0.202,13.3,1710,7,0
307,AC,0.999,5.8,4860,10,1
317,AC,0.7,3.1,1753,15,0
429,Set-top box,0.193,8.6,431,14,0
416,Set-top box,0.067,7.8,1689,7,0
317,Set-top box,0.295,11.3,863,15,0
217,AC,0.363,19.0,3018,35,1
318,Set-top box,0.478,3.4,2348,48,1
224,TV,0.504,12.3,2530,8,0
315,AC,0.309,21.5,3421,37,1
328,AC,0.95,3.0,3321,14,0
407,Set-top box,0.346,17.1,328,45,1
418,TV,0.368,1.8,177,16,0
130,AC,0.747,12.9,2684,13,0
313,Set-top box,0.451,15.5,3395,14,1
206,Set-top box,0.396,1.1,3469,30,1
307,Set-top box,0.403,17.3,2035,20,1
318,TV,0.697,17.9,2437,25,1
426,AC,0.759,6.4,4870,34,1
110,Set-top box,0.414,6.6,3044,29,1
409,TV,0.559,7.4,69,10,0
228,Set-top box,0.174,12.7,810,17,0
119,Set-top box,0.491,16.6,3172,15,1
327,Set-top box,0.091,13.7,2049,18,0
327,AC,0.455,6.9,746,37,1
410,AC,0.427,11.5,164,16,1
130,AC,0.344,3.8,4913,18,1
129,TV,0.537,14.8,337,17,1
410,TV,0.145,7.6,633,5,0
409,AC,0.45,12.1,219,29,0
206,AC,0.56,6.9,2465,36,1
125,AC,0.706,3.1,4345,2,1
225,AC,0.75,14.3,4833,15,1
324,Set-top box,0.242,9.4,2310,41,1
206,Set-top box,0.277,2.4,1575,45,1
304,AC,0.958,16.6,4946,31,1
103,AC,0.44,8.2,3395,20,1
226,TV,0.22,2.6,1928,10,0
328,TV,0.602,2.5,2607,25,1
312,TV,0.404,18.0,678,29,1
105,TV,0.122,2.2,2635,21,0
123,Set-top box,0.337,11.5,1164,44,1
213,AC,0.55,6.7,2172,7,0
326,TV,0.469,13.5,2062,21,0
123,AC,0.608,17.5,3711,5,1
208,Set-top box,0.338,17.0,262,20,1
114,Set-top box,0.158,11.8,340,33,0
430,AC,0.588,21.0,4967,8,1
419,AC,0.935,7.9,3125,20,1
418,AC,0.864,14.2,1455,25,1
416,Set-top box,0.472,11.5,1209,45,1
324,Set-top box,0.21,13.9,3431,40,1
424,TV,0.14,10.9,1362,15,0
219,Set-top box,0.305,7.4,2641,4,0
320,TV,0.339,4.2,2610,25,1
302,Set-top box,0.341,7.6,842,15,0
201,Set-top box,0.379,16.3,621,43,1
327,AC,0.384,19.8,183,4,0
208,Set-top box,0.463,10.1,1345,0,0
410,AC,0.586,14.3,859,40,0
302,Set-top box,0.175,17.3,1691,18,1
229,AC,0.626,8.7,3851,11,0
117,Set-top box,0.183,16.4,1707,24,0
218,TV,0.371,8.1,926,21,0
117,Set-top box,0.355,5.6,1727,32,1
306,TV,0.351,3.9,3536,8,1
107,TV,0.433,14.5,3719,1,1
425,AC,0.795,13.7,3637,28,1
111,Set-top box,0.142,16.6,2311,20,0
107,Set-top box,0.189,17.2,1449,49,1
229,TV,0.295,5.2,2381,20,1
219,TV,0.118,1.4,2146,24,1
129,AC,0.616,15.6,1523,20,0
419,TV,0.103,2.1,1268,1,0
329,TV,0.19,14.4,1310,10,0
425,AC,0.442,17.6,2237,22,1
130,TV,0.187,16.8,1913,5,0
320,Set-top box,0.203,3.8,376,43,1
115,Set-top box,0.266,2.5,1618,8,0
218,Set-top box,0.207,17.2,2833,36,0
220,Set-top box,0.229,8.3,1416,3,0
425,Set-top box,0.056,3.7,728,4,0
115,AC,0.543,12.5,2204,36,1
426,AC,0.92,6.2,3635,27,1
320,TV,0.395,10.2,3560,19,1
202,AC,0.214,7.2,4814,3,1
428,TV,0.124,6.0,549,30,1
425,TV,0.461,13.0,653,21,1
313,TV,0.338,13.1,1375,14,1
207,TV,0.618,3.0,920,14,1
310,Set-top box,0.335,6.7,2702,31,1
315,TV,0.495,14.6,3107,12,1
213,TV,0.429,2.7,1374,24,0
419,Set-top box,0.096,17.0,2338,39,1
323,TV,0.584,13.5,1739,17,1
422,Set-top box,0.192,6.3,1205,38,1
113,AC,0.268,17.4,2958,10,0
413,TV,0.248,15.4,3795,29,1
124,Set-top box,0.395,16.7,1090,23,0
424,AC,0.202,10.1,4886,13,1
122,Set-top box,0.256,3.0,2172,29,1
124,Set-top box,0.318,9.8,1286,0,0
127,AC,0.223,5.5,2757,21,0
421,TV,0.603,5.8,1402,12,0
212,TV,0.356,12.8,2100,30,1
213,AC,0.557,4.3,4479,15,1
123,Set-top box,0.399,2.2,1975,11,1
201,AC,0.842,18.7,4306,21,1
112,AC,0.263,21.2,3810,36,1
110,Set-top box,0.411,15.0,3170,15,1
223,Set-top box,0.397,1.2,1307,36,1
105,TV,0.379,5.9,2288,5,0
112,TV,0.495,4.0,3533,10,1
213,TV,0.522,7.4,3368,10,1
213,AC,0.475,20.2,3176,35,0
203,Set-top box,0.186,14.7,1823,42,1
120,AC,0.877,2.1,3870,9,1
308,Set-top box,0.337,17.2,3297,1,0
327,TV,0.196,11.3,3264,0,0
411,Set-top box,0.213,6.5,1029,17,0
122,Set-top box,0.171,17.3,1455,23,1
312,TV,0.653,3.8,464,4,0
323,Set-top box,0.081,3.0,1880,37,1
403,Set-top box,0.079,13.3,965,36,1
125,AC,0.652,8.5,1858,9,1
411,TV,0.529,7.9,1030,18,1
113,Set-top box,0.384,14.0,2301,32,1
430,TV,0.101,12.0,802,22,1
323,AC,0.583,13.2,2326,3,0
324,AC,0.529,18.8,274,40,1
324,AC,0.8,4.0,3179,6,1
420,Set-top box,0.491,13.2,2505,44,1
213,Set-top box,0.219,12.8,3307,42,1
210,AC,0.806,2.2,4249,9,0
121,AC,0.327,13.3,4685,9,0
128,Set-top box,0.176,15.6,108,47,1
120,AC,0.233,7.6,2214,8,0
412,Set-top box,0.352,11.4,3220,12,1
313,TV,0.251,4.2,2088,14,0
130,Set-top box,0.498,11.1,3478,29,1
223,Set-top box,0.173,5.6,1076,50,1
411,AC,0.463,19.6,1834,0,1
214,Set-top box,0.272,15.9,1786,43,1
325,AC,0.935,14.5,2221,34,1
130,AC,0.674,8.7,1039,17,1
422,Set-top box,0.408,17.1,3035,4,1
202,Set-top box,0.272,7.5,1921,38,1
424,AC,0.714,15.6,3093,5,0
211,TV,0.631,8.0,3193,19,1
211,AC,0.402,12.1,3836,1,1
312,Set-top box,0.48,5.4,2337,35,0
214,AC,0.956,15.5,1223,34,1
316,TV,0.367,6.4,2533,6,0
311,Set-top box,0.483,11.2,365,4,0
229,Set-top box,0.363,3.5,1247,24,1
408,Set-top box,0.168,6.6,455,50,1
210,AC,0.267,10.9,2930,14,0
418,Set-top box,0.147,11.1,2448,5,0
224,Set-top box,0.38,13.3,2464,32,1
201,Set-top box,0.189,8.6,2347,5,0
418,Set-top box,0.255,11.8,3345,11,0
316,AC,0.334,17.1,102,31,1
409,Set-top box,0.419,14.2,3186,2,1
413,TV,0.506,15.9,2458,20,0
126,AC,0.91,10.6,392,38,1
304,TV,0.331,1.5,3757,18,1
403,TV,0.166,11.8,2712,11,1
204,Set-top box,0.41,4.4,1747,23,1
412,TV,0.395,8.0,742,5,0
413,Set-top box,0.071,17.0,3381,41,1
212,TV,0.101,2.2,2902,13,0
106,Set-top box,0.175,4.8,1807,35,0
216,Set-top box,0.117,8.6,3313,50,0
317,AC,0.811,12.6,575,25,1
227,TV,0.641,6.5,478,20,1
316,TV,0.257,10.3,3441,5,1
410,AC,0.861,19.5,239,11,1
319,Set-top box,0.29,16.8,1947,47,1
211,TV,0.205,13.9,2866,10,0
301,TV,0.669,1.4,3603,23,0
420,AC,0.221,17.0,4428,26,0
127,AC,0.851,20.6,508,33,1
227,Set-top box,0.185,17.5,1009,48,0
308,TV,0.489,4.9,3696,28,1
321,Set-top box,0.386,7.2,2621,17,1
207,AC,0.328,2.6,4473,37,1
417,Set-top box,0.423,12.8,290,16,0
319,TV,0.462,1.0,511,7,0
124,TV,0.525,15.0,1138,16,1
309,TV,0.187,2.2,3941,9,1
417,Set-top box,0.363,12.8,2113,48,1
206,AC,0.791,10.9,4023,30,1
319,Set-top box,0.382,9.4,2928,37,1
402,Set-top box,0.374,2.2,2369,49,0
113,TV,0.351,3.3,1621,13,0
315,Set-top box,0.147,7.3,199,16,1
411,TV,0.552,11.7,3410,7,1
430,AC,0.849,12.6,1558,15,0
216,AC,0.436,21.7,135,22,1
102,Set-top box,0.257,6.2,3307,14,1
427,AC,0.65,3.3,4047,24,0
420,TV,0.683,13.6,2753,14,1
130,AC,0.23,5.6,4145,39,0
402,TV,0.593,11.5,1432,6,0
108,Set-top box,0.087,8.2,1813,38,0
306,AC,0.626,14.4,1346,35,1
419,AC,0.759,10.5,4156,5,0
204,AC,0.945,7.0,789,15,0
216,TV,0.184,13.9,3705,14,1
114,Set-top box,0.189,13.6,3083,11,1
306,TV,0.122,12.4,2904,12,1
322,Set-top box,0.102,14.1,2808,5,1
202,Set-top box,0.292,17.6,454,13,0
219,AC,0.872,16.5,3147,16,1
422,TV,0.131,7.4,191,10,0
404,AC,0.252,7.3,357,19,1
312,Set-top box,0.376,7.9,2473,19,0
128,AC,0.562,7.8,4784,28,1
319,Set-top box,0.077,15.6,2083,15,0
318,TV,0.282,10.4,3301,16,0
201,AC,0.746,20.6,3932,22,1
425,TV,0.253,5.2,1822,25,1
318,AC,0.822,8.7,4083,25,1
306,TV,0.631,17.8,3681,11,1
113,TV,0.467,11.0,1475,11,0
429,AC,0.83,12.2,890,0,1
410,Set-top box,0.469,3.2,1526,9,1
301,Set-top box,0.063,1.4,166,30,1
210,Set-top box,0.053,3.4,312,25,0
104,Set-top box,0.188,13.7,2381,18,1
424,TV,0.133,16.1,1199,25,1
418,TV,0.553,16.3,262,3,1
317,TV,0.225,14.0,1504,6,0
303,TV,0.196,10.5,3586,17,1
303,AC,0.573,13.7,4041,18,1
227,Set-top box,0.456,4.2,1516,19,1
306,AC,0.578,11.5,213,37,1
301,Set-top box,0.498,8.1,911,5,0
422,TV,0.415,16.1,87,25,1
202,TV,0.318,14.9,3694,19,1
110,TV,0.182,17.4,3855,5,1
427,AC,0.67,5.7,1492,3,0
207,TV,0.453,9.8,1667,27,1
319,Set-top box,0.234,6.8,2394,48,1
424,TV,0.367,9.4,1335,6,0
327,TV,0.638,1.4,2485,7,1
430,AC,0.507,18.7,4662,24,1
210,Set-top box,0.455,13.5,1925,24,0
120,Set-top box,0.345,2.7,2587,4,0
311,TV,0.414,6.5,2094,16,0
221,TV,0.414,5.9,2336,21,1
101,TV,0.553,15.6,676,20,1
323,Set-top box,0.14,12.4,3232,12,0
403,TV,0.254,2.2,3722,9,0
119,TV,0.495,17.3,601,30,1
312,TV,0.536,14.4,947,14,0
309,AC,0.794,7.7,774,38,1
305,AC,0.861,9.4,3342,2,1
304,Set-top box,0.279,12.6,233,13,0
108,TV,0.307,13.5,2623,3,0
226,TV,0.475,11.1,323,11,0
415,Set-top box,0.446,2.0,3245,21,1
330,Set-top box,0.472,8.1,107,32,1
218,AC,0.99,17.5,561,23,1
428,Set-top box,0.487,12.2,1602,7,0
208,TV,0.328,7.0,2639,6,0
226,Set-top box,0.138,11.0,1395,6,0
222,AC,0.871,11.7,3914,38,1
116,AC,0.592,3.8,1955,38,1
128,Set-top box,0.263,3.9,261,42,0
223,TV,0.496,10.1,2755,9,1
326,Set-top box,0.403,2.8,2678,43,1
220,Set-top box,0.309,5.1,2229,6,0
307,Set-top box,0.085,8.9,654,28,0
112,TV,0.146,11.3,2564,30,1
306,TV,0.462,14.6,115,19,0
325,TV,0.353,5.2,2955,20,1
309,AC,0.548,21.0,4052,14,1
115,AC,0.292,16.8,71,2,0
403,AC,0.682,14.6,3181,21,1
301,TV,0.695,5.0,3817,6,1
108,Set-top box,0.131,6.0,470,5,0
312,AC,0.923,9.7,2503,23,1
314,TV,0.437,3.0,606,15,0
207,AC,0.206,7.6,4373,39,0
418,AC,0.202,7.2,4395,10,0
106,TV,0.136,9.1,1695,13,0
227,Set-top box,0.156,4.5,419,46,1
417,Set-top box,0.142,8.1,1297,43,1
316,TV,0.394,15.2,622,25,1
430,AC,0.519,14.3,3308,18,1
325,Set-top box,0.322,6.9,269,0,0
419,TV,0.495,8.9,1683,4,0
224,Set-top box,0.221,8.5,2133,46,1
312,TV,0.18,8.1,843,13,0
219,AC,0.705,17.7,2181,35,1
325,Set-top box,0.307,14.3,1313,49,1
207,Set-top box,0.305,16.3,3250,24,1
111,AC,0.663,2.9,2872,4,0
129,AC,0.868,21.0,1047,7,1
210,Set-top box,0.286,8.7,1559,33,1
203,TV,0.505,6.7,2109,25,1
307,AC,0.831,9.6,1273,25,1
230,Set-top box,0.435,6.2,643,19,1
203,TV,0.437,3.7,278,12,0
326,AC,0.643,21.5,1432,23,0
125,TV,0.694,8.5,647,14,1
121,TV,0.492,7.2,2726,28,1
226,AC,0.558,11.5,942,19,0
225,TV,0.629,13.8,1226,13,0
209,TV,0.144,1.5,521,4,0
215,Set-top box,0.376,17.8,877,34,1
111,Set-top box,0.321,15.9,820,48,1
402,TV,0.193,14.9,2857,20,0
308,TV,0.23,1.4,100,6,0
211,TV,0.408,14.9,1371,17,0
410,TV,0.23,8.8,826,24,0
115,AC,0.602,20.0,1519,14,0
206,AC,0.887,12.8,755,19,0
416,AC,0.545,14.7,4756,12,0
425,TV,0.359,16.9,2561,10,1
414,AC,0.473,7.2,3133,40,1
228,Set-top box,0.336,6.6,1643,30,0
126,AC,0.527,21.4,2260,26,1
410,AC,0.412,19.8,1802,11,0
401,Set-top box,0.396,4.7,1680,33,1
125,Set-top box,0.193,10.5,2996,7,1
215,TV,0.56,15.7,2921,7,1
216,Set-top box,0.151,17.3,1204,22,1
115,TV,0.136,17.9,2964,8,1
313,AC,0.342,4.7,3054,22,0
326,TV,0.339,4.5,2771,9,0
130,TV,0.502,1.7,2691,11,1
214,TV,0.235,1.2,1594,7,0
108,TV,0.576,8.8,504,26,0
119,AC,0.263,10.9,4744,28,1
301,AC,0.27,20.4,1613,4,0
122,AC,0.884,10.5,3045,39,1
421,AC,0.295,5.3,1993,40,1
307,Set-top box,0.214,14.2,1990,15,1
201,TV,0.643,14.5,710,7,1
405,TV,0.148,7.8,2273,2,0
228,AC,0.455,20.7,3325,20,0
303,AC,0.659,12.5,3316,40,1
313,AC,0.544,6.7,2042,39,1
415,Set-top box,0.424,14.4,3132,17,1
420,AC,0.867,16.9,4832,38,1
221,AC,0.271,20.4,3144,40,1
130,TV,0.159,13.5,3613,6,1
320,Set-top box,0.101,9.2,2033,10,0
207,TV,0.412,5.2,1392,16,0
102,Set-top box,0.387,16.7,1019,10,0
430,AC,0.216,18.6,3614,25,1
216,AC,0.366,2.1,4734,13,1
208,AC,0.539,20.2,3750,2,1
427,Set-top box,0.453,7.6,1176,36,1
419,TV,0.62,5.3,2540,26,1
421,TV,0.194,3.9,3303,21,1
417,AC,0.269,18.9,4675,12,1
424,TV,0.63,4.9,2832,26,1
202,AC,0.569,15.9,2977,10,1
427,TV,0.696,4.7,1706,27,1
217,TV,0.626,10.4,3447,8,0
409,Set-top box,0.231,12.8,2750,38,1
303,Set-top box,0.308,1.9,2584,28,1
312,TV,0.408,12.3,2294,23,1
204,Set-top box,0.145,7.5,1783,47,1
304,AC,0.531,5.2,1644,15,0
320,Set-top box,0.226,7.2,2695,31,1
328,AC,0.919,10.2,482,29,1
321,Set-top box,0.455,10.4,3038,6,1
308,AC,0.272,6.1,1353,7,0
308,AC,0.53,17.0,4084,25,1
325,TV,0.404,10.6,2870,28,0
415,TV,0.449,14.8,3361,17,1
322,Set-top box,0.06,10.5,1667,40,1
115,TV,0.653,16.3,2178,13,1
328,TV,0.457,5.7,1984,24,1
219,Set-top box,0.449,5.8,1659,6,0
204,TV,0.56,7.9,188,8,0
404,AC,0.455,5.1,4445,23,0
114,TV,0.174,13.4,1489,30,1
225,Set-top box,0.23,14.9,1155,5,1
201,AC,0.84,20.9,587,12,0
428,Set-top box,0.213,9.3,3362,4,0
219,AC,0.354,14.9,472,36,1
423,AC,0.55,16.0,1388,8,0
218,AC,0.977,11.8,3027,18,1
303,TV,0.4,2.5,1490,19,0
124,AC,0.217,9.6,1153,16,0
415,TV,0.563,16.4,3231,26,0
101,Set-top box,0.49,10.1,565,8,0
404,Set-top box,0.278,13.6,1063,31,1
402,AC,0.381,10.5,4205,22,0
112,TV,0.547,6.9,450,13,1
121,AC,0.705,18.3,4792,25,1
201,AC,0.626,18.5,2444,28,1
222,TV,0.178,6.5,3962,18,1
321,Set-top box,0.367,16.6,1229,13,0
303,Set-top box,0.196,4.8,3433,2,1
214,AC,0.956,2.0,2512,2,0
208,AC,0.669,4.0,4594,8,1
310,TV,0.481,5.1,2185,9,0
410,AC,0.779,9.1,3833,8,1
306,AC,0.842,5.2,1295,10,0
309,TV,0.519,6.1,1638,11,1
312,AC,0.662,18.8,3369,16,1
404,Set-top box,0.096,16.6,2680,40,1
317,AC,0.336,13.5,393,35,1
330,Set-top box,0.341,7.4,1908,12,1
304,AC,0.448,15.9,2545,21,1
307,AC,0.869,7.9,3427,32,1
222,AC,0.481,16.4,2829,29,1
306,AC,0.374,13.0,1333,24,0
307,TV,0.305,7.3,2870,27,1
112,AC,0.565,3.2,4008,31,1
107,Set-top box,0.161,8.4,1849,33,1
129,AC,0.581,11.5,4412,14,1
127,TV,0.263,2.5,3642,7,0
222,Set-top box,0.084,10.8,2170,39,1
116,TV,0.281,3.3,695,23,0
221,Set-top box,0.284,5.2,474,30,1
304,Set-top box,0.202,7.2,1030,31,1
312,TV,0.451,16.0,3156,15,1
218,TV,0.21,1.9,3715,28,1
420,TV,0.107,7.7,694,19,0
112,AC,0.911,21.8,531,33,1
326,AC,0.756,6.7,2706,16,1
413,AC,0.952,15.7,467,32,1
425,AC,0.683,19.5,1873,33,1
217,AC,0.798,16.0,2503,30,1
405,TV,0.202,16.5,2373,4,1
102,TV,0.501,10.4,3866,21,1
413,Set-top box,0.084,1.3,986,2,0
108,AC,0.265,6.5,2660,6,0
211,Set-top box,0.086,3.3,2092,18,1
427,Set-top box,0.195,5.7,640,47,1
401,TV,0.244,8.7,1181,4,0
316,Set-top box,0.167,2.4,3379,9,0
426,AC,0.881,20.2,3607,19,1
426,TV,0.663,5.3,1824,15,1
221,TV,0.561,5.3,1755,17,1
428,TV,0.682,9.1,2139,11,1
319,Set-top box,0.239,10.7,1443,47,1
226,AC,0.892,11.8,2097,5,1
319,TV,0.529,3.9,1462,29,0
113,TV,0.47,14.8,2941,25,1
426,Set-top box,0.133,1.9,2107,27,0
423,AC,0.638,16.1,4421,4,1
105,Set-top box,0.46,13.7,3461,18,1
428,AC,0.762,9.7,2443,36,1
119,Set-top box,0.297,6.3,3068,35,1
107,Set-top box,0.08,2.6,2828,24,1
401,Set-top box,0.362,9.4,723,2,0
329,TV,0.443,17.0,3772,26,1
402,AC,0.236,5.7,4128,7,0
226,Set-top box,0.341,11.9,1681,2,0
211,AC,0.814,20.6,3119,15,1
401,TV,0.508,1.3,2237,20,1
307,TV,0.411,9.4,936,13,0
219,AC,0.42,20.7,239,40,0
215,Set-top box,0.217,12.1,910,37,1
226,AC,0.997,16.4,2270,33,1
323,TV,0.588,5.9,2223,30,1
427,Set-top box,0.241,9.2,2318,45,1
426,TV,0.655,5.7,3045,23,1
210,AC,0.998,22.0,4499,16,1
329,AC,0.808,6.9,3112,36,1
421,TV,0.595,17.5,220,1,0
402,Set-top box,0.179,7.8,2388,46,1
319,TV,0.231,2.3,2785,17,1
417,TV,0.321,6.0,2892,2,0
313,AC,0.589,22.0,3296,37,1
330,AC,0.338,12.2,2767,19,0
310,Set-top box,0.375,6.0,1061,13,0
404,AC,0.644,10.6,696,36,1
309,AC,0.834,18.5,3296,5,1
216,Set-top box,0.417,2.9,1800,46,1
311,AC,0.416,11.7,833,15,0
216,Set-top box,0.345,4.8,2853,24,1
422,Set-top box,0.348,3.4,1757,49,0
124,TV,0.211,1.3,3559,11,0
103,AC,0.921,17.9,1440,5,1
412,Set-top box,0.231,6.3,3097,33,1
417,AC,0.758,2.8,1431,18,0
315,Set-top box,0.266,4.2,3050,19,0
322,AC,0.514,6.9,210,36,1
415,Set-top box,0.08,1.3,796,38,1
124,Set-top box,0.467,3.6,204,29,1
324,Set-top box,0.366,5.8,2547,24,1
128,TV,0.454,11.6,2965,12,1
310,Set-top box,0.135,12.7,2968,34,1
318,TV,0.593,9.6,2362,18,1
421,Set-top box,0.218,4.0,1287,4,0
427,Set-top box,0.109,3.1,1219,25,0
117,TV,0.651,13.0,1172,11,0
229,AC,0.959,4.5,3291,13,1
325,AC,0.419,17.8,3461,25,1
221,AC,0.534,21.9,2583,12,1
313,TV,0.625,3.5,1888,4,1
104,Set-top box,0.258,1.9,2173,23,0
205,TV,0.339,1.3,902,5,0
420,Set-top box,0.355,9.1,1166,23,0
407,AC,0.567,20.9,2862,13,1
321,TV,0.483,11.0,3647,7,1
429,Set-top box,0.364,1.4,3161,17,1
401,AC,0.758,2.2,2770,39,0
217,TV,0.244,3.8,486,2,0
309,TV,0.345,13.8,485,7,0
312,AC,0.484,12.3,3958,2,0
329,Set-top box,0.429,8.1,3343,11,1
325,AC,0.276,8.6,229,10,0
228,Set-top box,0.434,9.5,2230,44,1
303,Set-top box,0.147,1.2,1048,1,0
409,TV,0.274,7.7,2830,19,1
114,AC,0.462,2.0,813,29,1
112,AC,0.626,10.2,187,33,1
213,AC,0.376,7.2,3951,7,0
221,TV,0.21,14.3,3465,13,1
405,TV,0.487,3.9,2599,23,1
320,TV,0.469,5.7,3245,2,0
112,Set-top box,0.056,8.0,3241,5,0
215,Set-top box,0.07,4.3,2304,45,1
201,Set-top box,0.113,11.0,402,9,0
221,Set-top box,0.105,10.9,2142,47,1
315,TV,0.264,1.8,62,13,0
229,AC,0.94,5.1,1505,25,1
305,AC,0.723,20.3,3402,0,1
303,AC,0.282,22.0,4992,38,0
427,Set-top box,0.316,6.1,3217,28,1
115,TV,0.308,15.3,3643,0,0
410,Set-top box,0.091,14.7,2263,25,0
413,AC,0.799,19.7,3228,9,1
212,TV,0.549,12.9,76,5,0
326,Set-top box,0.428,12.6,1089,24,1
317,Set-top box,0.16,7.4,1984,40,1
407,Set-top box,0.197,2.6,3425,14,0
404,AC,0.793,2.7,2087,12,0
203,AC,0.516,15.9,883,10,1
113,TV,0.481,12.8,2692,29,0
121,Set-top box,0.052,13.6,79,36,1
423,TV,0.24,6.4,1974,27,1
202,TV,0.554,2.9,1936,29,1
317,Set-top box,0.322,14.7,2204,40,1
101,TV,0.341,2.1,3790,30,1
108,Set-top box,0.25,8.6,3027,22,1
410,Set-top box,0.255,6.2,1717,3,0
416,Set-top box,0.128,5.6,419,28,0
125,TV,0.165,6.0,3668,20,1
118,TV,0.328,10.3,1993,22,1
330,TV,0.235,14.1,2850,0,0
103,Set-top box,0.14,1.3,674,15,0
114,AC,0.993,10.6,1130,19,1
205,Set-top box,0.326,8.4,1794,5,1
222,Set-top box,0.331,15.9,2381,5,1
421,AC,0.762,13.5,72,23,1
116,TV,0.147,6.9,1358,5,0
207,TV,0.282,9.3,3290,4,1
324,AC,0.702,3.9,4520,5,1
216,TV,0.213,9.3,3037,5,0
411,TV,0.419,14.1,3026,14,0
419,AC,0.358,4.5,3555,2,0
112,TV,0.544,14.4,2873,23,1
405,AC,0.599,14.0,2758,0,0
430,AC,0.465,6.9,3313,38,1
227,Set-top box,0.488,13.8,582,42,1
219,Set-top box,0.417,11.6,2537,24,1
207,Set-top box,0.451,13.5,2695,5,0
112,AC,0.758,8.0,710,2,1
429,AC,0.723,10.1,262,16,0
317,TV,0.299,17.5,1957,19,1
115,TV,0.291,5.6,355,30,1
113,AC,0.442,7.1,1312,27,0
218,Set-top box,0.277,14.7,2784,18,0
410,TV,0.385,3.5,1685,14,0
420,TV,0.53,6.4,1326,3,0
314,Set-top box,0.095,2.9,1132,49,1
227,AC,0.8,15.0,4519,6,1
417,AC,0.787,7.3,149,0,0
205,Set-top box,0.493,12.6,1280,15,1
110,TV,0.661,15.9,2005,20,1
209,AC,0.842,3.1,3587,4,1
103,AC,0.2,7.7,3571,37,1
229,TV,0.699,11.2,3048,13,0
227,AC,0.604,5.5,76,19,0
301,AC,0.647,4.2,1346,32,1
128,Set-top box,0.41,15.7,1454,5,0
416,Set-top box,0.442,7.6,944,45,1
106,AC,0.833,2.3,4445,7,1
114,Set-top box,0.226,11.8,3468,41,1
202,AC,0.792,6.5,70,9,0
125,AC,0.358,9.9,4730,12,1
225,TV,0.347,5.0,1241,8,0
418,TV,0.623,12.5,3082,2,1
418,AC,0.504,5.6,2835,34,1
329,TV,0.567,16.2,2011,16,1
109,Set-top box,0.412,9.8,660,38,0
224,Set-top box,0.242,6.5,1354,48,1
225,TV,0.291,2.9,2904,12,0
117,Set-top box,0.401,14.0,86,30,0
221,Set-top box,0.172,17.8,488,21,0
111,Set-top box,0.303,4.8,647,1,0
414,Set-top box,0.121,16.0,1573,7,0
130,TV,0.483,11.4,746,18,0
327,Set-top box,0.321,9.1,2148,37,1
413,Set-top box,0.396,3.6,2120,37,1
310,Set-top box,0.235,5.5,1786,42,1
208,AC,0.633,7.7,1546,16,0
401,AC,0.944,5.0,2016,19,0
423,AC,0.928,8.6,2411,35,0
129,TV,0.365,5.4,192,2,0
426,TV,0.184,10.1,2245,7,0
424,TV,0.4,6.0,650,28,1
321,Set-top box,0.129,8.8,930,12,0
203,Set-top box,0.394,4.1,126,40,1
208,AC,0.46,2.5,529,19,0
409,Set-top box,0.361,1.1,761,11,0
409,TV,0.163,18.0,1941,30,0
423,AC,0.496,8.1,4760,38,1
413,TV,0.509,7.1,1839,19,0
229,TV,0.697,15.7,338,25,1
211,AC,0.266,15.1,3635,8,0
313,AC,0.469,14.0,4911,24,0
101,Set-top box,0.241,8.9,3036,3,0
327,Set-top box,0.441,9.4,50,45,1
128,Set-top box,0.236,7.5,2756,28,1
106,TV,0.297,3.5,3738,19,1
118,AC,0.809,5.4,1347,31,1
328,TV,0.635,16.8,2111,6,1
121,TV,0.489,2.8,2185,20,0
330,TV,0.335,3.6,382,25,0
106,Set-top box,0.165,17.2,2863,30,1
426,TV,0.273,12.6,3634,17,1
230,Set-top box,0.234,12.0,623,29,0
319,AC,0.451,8.7,1034,16,0
203,TV,0.32,14.8,2441,0,0
201,AC,0.9,12.4,235,18,1
108,TV,0.566,8.8,1251,6,1
414,TV,0.462,3.5,869,18,1
414,TV,0.15,16.4,2491,27,1
109,AC,0.624,10.0,2333,15,0
326,TV,0.402,3.5,2606,28,1
321,TV,0.169,6.5,1349,2,0
108,Set-top box,0.479,3.4,2538,43,1
109,AC,0.859,3.5,2647,4,0
127,Set-top box,0.19,12.0,3189,29,1
118,TV,0.492,1.3,2875,3,0
414,TV,0.367,16.2,2848,6,1
115,AC,0.597,12.2,504,31,0
408,Set-top box,0.462,10.8,3413,1,1
406,TV,0.353,11.7,1566,26,1
409,TV,0.651,8.0,1137,1,0
116,Set-top box,0.142,4.2,2905,35,1
322,Set-top box,0.343,12.3,1284,49,1
229,Set-top box,0.183,8.6,3275,28,1
105,Set-top box,0.054,15.7,3237,47,0
307,AC,0.314,17.0,3487,1,0
213,AC,0.938,14.7,4080,5,1
302,TV,0.233,1.3,3054,23,1
408,TV,0.274,5.9,2714,9,0
419,Set-top box,0.394,16.6,2679,49,1
110,TV,0.564,3.5,222,9,0
115,AC,0.495,7.8,2539,39,1
417,Set-top box,0.455,4.9,1065,28,1
306,Set-top box,0.084,13.3,3066,21,0
226,AC,0.333,10.8,981,2,0
112,TV,0.211,11.0,1606,2,0
428,TV,0.652,7.5,377,10,0
118,AC,0.99,19.9,3798,9,1
430,Set-top box,0.148,13.6,389,24,0
307,TV,0.471,11.4,2503,4,0
315,Set-top box,0.472,5.1,1999,44,1
219,TV,0.306,6.9,2564,19,1
329,AC,0.514,21.1,1821,19,0
106,AC,0.952,4.2,1965,30,1
306,TV,0.369,8.4,215,8,0
411,AC,0.815,20.8,1701,25,1
109,TV,0.235,17.1,2175,28,1
223,AC,0.88,21.4,225,3,1
219,TV,0.496,11.7,3551,1,1
329,Set-top box,0.107,16.4,519,5,0
405,AC,0.886,5.0,975,24,1
306,AC,0.397,16.8,4036,20,1
402,TV,0.237,10.5,1298,24,1
423,Set-top box,0.079,1.3,1054,26,1
330,Set-top box,0.227,7.1,1291,37,1
407,AC,0.684,15.3,4266,25,0
316,Set-top box,0.341,2.0,2633,47,0
417,TV,0.346,2.6,959,14,0
404,AC,0.723,14.9,4041,28,0
318,TV,0.277,14.1,3684,9,1
416,Set-top box,0.347,15.6,2807,7,1
111,AC,0.884,10.8,1732,37,1
218,AC,0.785,20.3,3301,27,1
203,Set-top box,0.384,8.9,2662,34,1
201,AC,0.647,3.3,1727,8,0
205,AC,0.983,12.0,2351,23,0
411,AC,0.645,17.8,4258,26,1
317,Set-top box,0.275,7.9,2313,46,0
305,TV,0.402,17.6,3197,6,0
128,TV,0.379,2.3,3695,19,1
218,TV,0.546,13.5,1346,0,1
223,TV,0.558,16.9,3777,19,1
106,AC,0.298,19.0,3775,5,0
316,AC,0.373,10.2,2759,6,1
227,Set-top box,0.455,3.7,1997,21,1
313,AC,0.594,3.8,1294,3,1
310,AC,0.493,16.0,218,33,0
427,Set-top box,0.399,14.1,440,17,1
320,AC,0.753,6.6,4492,27,0
215,TV,0.357,9.1,3256,25,1
111,Set-top box,0.221,10.1,1521,19,0
309,TV,0.372,15.2,3716,24,1
229,AC,0.433,8.3,3878,1,1
419,AC,0.961,5.7,4346,24,1
219,Set-top box,0.452,8.2,3147,27,1
218,Set-top box,0.236,14.9,2932,50,1
305,AC,0.792,21.1,3312,18,1
120,AC,0.987,3.5,1473,32,1
202,Set-top box,0.433,9.1,2909,37,1
108,AC,0.4,14.8,3090,35,0
420,Set-top box,0.122,1.3,975,38,0
304,AC,0.549,21.1,1453,1,0
209,AC,0.579,21.2,495,21,1
125,TV,0.358,12.6,2409,2,1
328,Set-top box,0.365,13.4,2778,38,1
418,AC,0.97,19.9,171,30,1
217,Set-top box,0.118,8.9,2613,5,0
203,TV,0.394,10.4,2259,18,0
308,TV,0.104,11.7,2600,9,0
319,TV,0.42,2.1,849,6,0
301,TV,0.116,15.9,3918,14,1
217,AC,0.455,10.5,3441,38,1
404,Set-top box,0.338,4.9,1855,9,0
323,TV,0.354,1.7,103,16,1
119,TV,0.53,2.8,1747,1,0
316,Set-top box,0.26,1.8,250,0,0
119,TV,0.602,11.0,3212,28,1
109,Set-top box,0.393,9.5,2158,29,1
301,TV,0.563,11.0,560,2,0
407,AC,0.969,2.8,3328,18,1
216,AC,0.764,13.0,1144,26,0
129,AC,0.283,10.9,1847,18,0
425,Set-top box,0.367,5.3,2353,13,0
323,Set-top box,0.12,14.8,1850,16,0
326,TV,0.332,17.9,990,10,0
406,Set-top box,0.402,8.8,2859,43,1
306,Set-top box,0.478,1.1,3292,43,1
423,AC,0.749,14.5,4697,24,1
311,Set-top box,0.345,14.3,3085,11,1
214,Set-top box,0.091,2.4,3039,15,0
216,Set-top box,0.438,17.6,3235,41,1
121,TV,0.126,10.7,709,4,0
116,AC,0.986,9.8,1473,11,1
302,Set-top box,0.122,17.5,1043,25,0
316,AC,0.93,6.1,2504,27,1
126,Set-top box,0.256,15.5,2276,0,0
124,Set-top box,0.251,7.8,3024,2,0
330,AC,0.752,11.4,821,24,1
429,TV,0.555,14.4,2141,24,0
408,AC,0.493,6.3,1206,19,0
101,AC,0.893,9.6,3764,40,1
325,TV,0.281,3.3,2222,18,1
128,TV,0.331,4.8,1789,19,1
128,AC,0.745,8.3,4721,19,0
405,Set-top box,0.113,16.8,3362,9,1
403,AC,0.482,2.5,2909,31,1
404,TV,0.238,10.9,3202,8,0
201,Set-top box,0.413,17.5,1786,46,0
329,TV,0.325,4.8,61,12,0
212,AC,0.741,15.9,1261,16,0
321,TV,0.514,16.9,1782,14,0
109,AC,0.986,4.6,756,4,1
224,Set-top box,0.304,16.3,2424,32,1
221,AC,0.419,14.5,4513,28,0
120,TV,0.639,4.3,2154,2,0
123,AC,0.297,19.3,1679,36,1
212,AC,0.505,19.1,2509,38,1
128,Set-top box,0.125,10.8,3498,22,1
309,Set-top box,0.065,6.3,3233,45,0
305,TV,0.167,2.1,2171,17,1
408,AC,0.682,2.7,1945,31,1
329,AC,0.931,15.3,588,3,1
206,TV,0.273,4.3,1458,14,0
327,TV,0.382,9.9,111,11,0
410,TV,0.675,10.9,90,10,1
408,Set-top box,0.467,8.2,3165,10,1
107,AC,0.675,12.5,2576,2,0
305,TV,0.641,12.6,74,12,1
105,Set-top box,0.491,17.4,3345,35,1
124,AC,0.367,9.8,2606,20,1
107,AC,0.61,8.9,958,18,0
115,AC,0.343,21.2,339,35,1
116,Set-top box,0.49,9.1,523,19,0
209,TV,0.242,14.9,2341,27,1
219,Set-top box,0.395,6.3,3302,13,0
430,Set-top box,0.261,16.6,2239,49,1
408,Set-top box,0.338,16.4,1900,5,0
406,AC,0.645,19.8,4159,39,0
321,AC,0.454,2.3,2227,9,0
129,Set-top box,0.347,6.1,1647,6,0
425,Set-top box,0.179,18.0,983,50,1
406,AC,0.76,4.2,3908,39,1
425,TV,0.163,7.7,2341,24,1
216,AC,0.832,14.8,2089,13,0
117,Set-top box,0.394,16.3,3349,38,1
223,AC,0.635,11.9,2974,14,0
117,TV,0.595,5.6,1757,19,1
101,AC,0.874,17.5,1926,2,0
122,AC,0.586,9.4,4595,30,1
122,AC,0.577,14.0,772,4,0
115,Set-top box,0.328,12.0,2093,26,0
428,TV,0.582,2.5,426,3,1
107,AC,0.814,17.3,2421,20,1
227,AC,0.349,13.8,214,10,0
229,TV,0.197,7.3,3632,7,1
313,TV,0.693,3.5,3671,4,1
309,Set-top box,0.224,13.7,2728,11,0
205,AC,0.768,10.7,2183,7,0
321,AC,0.342,9.7,4385,7,0
225,TV,0.194,10.1,3571,22,1
309,Set-top box,0.255,13.7,1038,38,0
207,Set-top box,0.155,7.7,2265,2,0
308,AC,0.869,2.7,2367,20,1
422,AC,0.845,4.0,1570,10,1
407,AC,0.461,5.4,307,10,0
102,TV,0.627,5.5,3694,3,1
306,TV,0.268,9.8,3801,0,0
419,Set-top box,0.471,8.3,1414,30,1
220,Set-top box,0.149,15.0,2883,17,1
315,TV,0.268,8.2,106,15,0
230,AC,0.249,6.6,4847,37,1
308,Set-top box,0.266,11.1,3306,42,0
207,TV,0.597,2.4,304,13,0
304,TV,0.591,1.5,208,29,1
426,TV,0.271,8.5,2714,13,0
426,TV,0.207,14.6,1456,2,0
415,TV,0.578,12.6,186,7,0
428,TV,0.22,9.5,3092,29,1
301,Set-top box,0.328,15.0,1767,11,1
215,AC,0.64,18.0,1093,20,0
422,Set-top box,0.211,15.4,3366,25,0
423,TV,0.164,4.0,1101,27,1
229,Set-top box,0.055,7.2,2133,47,0
414,TV,0.667,15.6,2943,6,0
327,AC,0.614,12.3,454,36,1
314,TV,0.145,10.0,357,15,0
209,Set-top box,0.373,6.8,2321,15,1
307,AC,0.879,17.1,1915,10,1
312,TV,0.437,2.0,2136,6,0
128,Set-top box,0.414,5.4,2920,15,1
129,TV,0.566,7.5,1412,1,0
401,Set-top box,0.261,2.9,303,41,1
209,Set-top box,0.079,3.5,585,50,1
329,AC,0.21,15.8,4792,7,1
419,TV,0.249,6.5,2314,23,1
211,Set-top box,0.34,13.9,2183,50,0
311,AC,0.542,21.6,4926,6,1
306,AC,0.446,3.3,2634,37,0
315,TV,0.418,11.0,1474,9,0
413,TV,0.491,12.4,1250,6,0
110,AC,0.741,19.4,2215,39,1
220,Set-top box,0.127,4.5,2658,18,0
108,Set-top box,0.337,7.2,3331,47,1
305,TV,0.532,13.3,1367,11,1
129,TV,0.331,12.7,3244,15,1
207,AC,0.439,15.3,4742,8,1
224,Set-top box,0.178,3.0,1171,31,1
222,Set-top box,0.378,16.5,2680,33,1
216,Set-top box,0.17,10.2,136,2,0
307,TV,0.672,13.0,2539,9,1
322,Set-top box,0.222,2.8,790,2,0
314,Set-top box,0.2,4.1,2380,44,0
304,AC,0.659,21.0,3223,26,1
108,AC,0.847,11.4,1639,23,1
324,AC,0.672,15.7,3446,24,1
330,AC,0.726,21.9,1181,10,0
422,Set-top box,0.429,11.2,366,16,0
224,AC,0.534,16.7,4373,3,1
316,TV,0.377,12.6,3520,10,1
401,Set-top box,0.274,11.9,720,41,0
106,TV,0.131,13.6,2204,3,0
107,TV,0.589,5.0,649,8,1
429,AC,0.78,11.1,3242,25,1
222,Set-top box,0.078,9.4,3349,36,0
103,TV,0.439,1.5,2682,13,1
213,TV,0.524,9.1,3444,6,0
124,Set-top box,0.082,6.2,934,33,1
321,Set-top box,0.404,16.3,2016,29,1
102,AC,0.912,6.9,4920,2,1
327,Set-top box,0.211,15.4,2634,33,1
303,AC,0.973,6.8,4802,38,1
228,TV,0.379,1.7,3604,15,1
103,Set-top box,0.364,6.1,2852,38,1
424,TV,0.418,16.2,3180,2,1
403,AC,0.682,17.4,1130,28,1
112,Set-top box,0.477,6.6,2590,24,1
314,TV,0.489,8.1,3480,0,0
403,AC,0.769,2.0,3497,35,1
317,Set-top box,0.459,16.6,2593,43,1
320,Set-top box,0.267,16.5,1456,24,1
123,TV,0.2,2.8,311,29,0
204,AC,0.245,12.7,975,20,0
209,TV,0.141,4.2,1998,22,0
230,Set-top box,0.183,7.3,1368,27,0
230,TV,0.56,9.0,2854,9,0
426,Set-top box,0.093,14.4,161,25,1
317,TV,0.46,9.9,3004,28,1
123,AC,0.429,14.6,1236,10,0
202,AC,0.624,20.7,4259,12,1
124,Set-top box,0.36,5.7,2317,32,1
405,TV,0.304,4.3,3014,3,0
426,Set-top box,0.392,15.3,1715,41,1
114,TV,0.116,15.4,3637,9,1
410,Set-top box,0.115,4.8,1285,18,0
203,TV,0.287,2.4,2868,2,0
423,AC,0.382,2.3,649,11,0
204,Set-top box,0.234,3.5,1238,16,0
421,AC,0.304,11.7,4600,28,1
104,AC,0.269,19.6,2047,29,1
411,AC,0.885,5.4,1413,12,0
222,Set-top box,0.366,14.0,194,22,0
328,TV,0.369,11.0,947,22,0
229,TV,0.104,1.5,2822,13,0
103,Set-top box,0.348,2.2,2702,21,1
106,AC,0.713,13.9,224,3,0
224,TV,0.144,9.8,2218,29,1
227,TV,0.653,9.8,2635,5,1
106,TV,0.205,12.2,155,4,1
319,Set-top box,0.123,2.6,2063,37,1
230,AC,0.28,13.8,4951,31,1
414,Set-top box,0.159,14.3,1113,9,0
213,Set-top box,0.4,15.7,2713,24,1
129,Set-top box,0.344,9.9,2827,34,1
315,TV,0.44,16.0,1038,28,1
109,AC,0.221,5.7,4291,24,0
407,Set-top box,0.127,15.3,623,45,0
405,Set-top box,0.376,4.7,2747,11,1
325,Set-top box,0.444,14.3,2644,11,1
211,TV,0.694,13.1,3291,29,0
404,TV,0.141,12.8,2795,28,1
129,AC,0.764,11.5,1239,33,0
330,AC,0.357,2.2,1086,40,1
203,AC,0.295,11.0,3132,28,1
213,TV,0.541,16.7,3228,5,0
209,TV,0.126,3.2,2444,13,0
402,Set-top box,0.253,9.4,3346,11,1
103,AC,0.922,14.3,2515,25,1
114,Set-top box,0.323,4.2,1654,18,0
408,Set-top box,0.389,3.1,2173,47,1
103,AC,0.934,4.4,1142,29,1
307,TV,0.642,11.8,3743,15,1
214,AC,0.313,19.1,1813,8,0
221,Set-top box,0.113,16.4,3272,15,1
209,AC,0.802,6.7,4961,39,1
213,TV,0.4,8.7,2513,9,0
206,TV,0.527,17.3,3462,30,1
414,TV,0.671,14.2,1337,6,0
122,Set-top box,0.293,9.5,1662,43,1
411,Set-top box,0.344,9.7,2493,49,1
307,Set-top box,0.153,11.1,1020,15,0
308,AC,0.565,6.0,3763,18,1
329,Set-top box,0.053,14.0,2265,35,0
118,AC,0.543,11.5,88,2,0
203,AC,0.598,12.1,4493,21,1
224,TV,0.208,8.7,733,3,0
113,TV,0.469,2.4,598,10,1
201,TV,0.312,8.8,731,19,0
305,Set-top box,0.202,12.3,595,46,1
216,Set-top box,0.46,1.4,1799,24,1
126,Set-top box,0.491,10.0,409,30,1
122,Set-top box,0.192,16.3,2403,17,1
230,AC,0.877,12.8,700,3,0
127,AC,0.999,10.3,2784,22,1
407,TV,0.67,7.6,447,17,1
125,Set-top box,0.445,16.1,3387,1,0
226,Set-top box,0.475,15.2,2963,9,1
205,AC,0.914,2.8,1519,16,1
216,AC,0.776,7.2,1854,18,0
405,TV,0.521,4.1,1799,20,1
216,AC,0.642,5.4,423,34,1
215,TV,0.249,3.6,2144,5,0
419,Set-top box,0.055,11.6,2955,41,1
221,TV,0.183,15.9,3266,27,1
226,Set-top box,0.146,10.5,832,24,0
217,TV,0.194,16.0,181,19,1
104,Set-top box,0.261,6.2,1698,17,0
304,TV,0.201,17.4,2217,0,1
327,AC,0.837,7.8,1977,35,1
409,TV,0.616,14.9,1030,18,1
402,AC,0.66,14.6,4020,15,1
427,AC,0.366,12.7,1762,14,0
123,AC,0.433,7.3,3289,17,0
405,AC,0.933,21.5,655,29,0
113,TV,0.506,3.8,3083,7,0
208,TV,0.561,12.8,84,3,0
302,TV,0.319,11.9,2275,4,0
116,Set-top box,0.326,9.2,176,27,0
209,Set-top box,0.34,9.7,2092,33,1
213,AC,0.924,16.7,2457,38,1
430,TV,0.305,2.7,648,5,0
321,TV,0.355,13.5,2843,3,0
418,AC,0.649,17.3,686,34,0
128,TV,0.489,3.4,3674,15,1
325,TV,0.498,11.5,3798,7,0
324,TV,0.66,10.2,302,25,1
326,Set-top box,0.36,9.1,2587,13,0
323,TV,0.171,14.3,552,1,0
105,TV,0.364,9.9,1921,0,0
305,Set-top box,0.425,14.2,2604,26,1
214,TV,0.198,15.0,1345,25,1
323,AC,0.655,8.9,4829,31,1
411,TV,0.454,5.7,947,7,0
404,TV,0.185,9.1,2548,11,0
407,AC,0.79,7.2,918,35,1
204,Set-top box,0.06,10.5,2556,40,1
121,AC,0.878,18.1,1408,32,1
118,Set-top box,0.095,4.0,211,18,0
114,Set-top box,0.403,14.5,1030,31,1
302,TV,0.428,3.0,1194,20,0
107,TV,0.134,15.1,364,20,0
314,Set-top box,0.154,5.7,3496,48,1
423,AC,0.861,20.6,1373,21,1
427,TV,0.65,8.1,481,8,0
404,Set-top box,0.223,13.9,1204,45,1
306,TV,0.181,6.1,1662,29,1
205,TV,0.208,16.6,1058,24,1
426,Set-top box,0.143,13.6,626,8,0
406,TV,0.104,16.3,2254,16,1
207,Set-top box,0.207,15.8,1760,30,1
417,Set-top box,0.406,16.4,2294,8,1
402,Set-top box,0.273,3.3,2760,5,1
228,AC,0.537,5.3,4288,6,0
322,Set-top box,0.465,15.6,2411,42,1
126,TV,0.207,13.1,1768,9,0
321,AC,0.489,6.7,4262,33,1
128,Set-top box,0.335,14.6,1329,39,1
124,AC,0.585,8.0,3002,3,0
415,Set-top box,0.084,8.8,2458,23,1
310,TV,0.523,14.2,3215,20,1
118,Set-top box,0.424,2.8,2994,39,1
105,Set-top box,0.434,2.8,1612,36,1
114,TV,0.499,12.0,262,12,0
208,Set-top box,0.441,10.7,2073,10,0
130,Set-top box,0.087,13.8,2889,46,1
206,AC,0.643,7.8,4043,25,1
120,Set-top box,0.394,8.4,1668,42,1
105,TV,0.29,13.2,3160,15,0
214,AC,0.592,8.3,2934,38,1
408,AC,0.862,10.7,2638,4,1
218,Set-top box,0.217,7.2,1286,19,0
202,Set-top box,0.213,5.9,3007,2,1
212,Set-top box,0.413,1.1,2910,25,1
430,TV,0.326,13.2,1200,22,1
305,TV,0.25,4.0,1942,6,0
415,AC,0.859,11.1,1411,35,1
204,TV,0.116,1.9,2677,5,0
216,Set-top box,0.118,12.3,1285,39,1
330,AC,0.436,4.5,1923,8,0
314,AC,0.253,17.4,2262,11,1
101,AC,0.277,18.9,4995,16,1
119,Set-top box,0.354,10.6,968,47,1
401,Set-top box,0.466,11.7,1512,9,0
311,Set-top box,0.262,8.2,737,15,1
424,AC,0.965,4.3,2579,4,0
201,TV,0.306,12.0,1386,15,0
225,Set-top box,0.287,9.5,3291,31,1
311,Set-top box,0.086,16.8,1905,9,0
404,TV,0.668,14.6,3365,23,1
220,Set-top box,0.317,17.5,2438,0,1
321,AC,0.877,12.5,2000,27,1
113,Set-top box,0.391,13.9,1857,34,1
108,AC,0.532,9.9,3113,15,0
326,Set-top box,0.424,12.0,2476,28,1
108,Set-top box,0.136,7.1,3248,3,0
306,TV,0.643,1.9,1028,22,1
102,Set-top box,0.199,16.8,3335,42,0
121,AC,0.787,14.5,667,1,0
202,Set-top box,0.359,15.3,975,35,1
217,TV,0.107,16.5,818,17,1
130,TV,0.571,9.2,525,2,0
404,AC,0.434,7.3,1753,6,1
206,AC,0.308,5.8,180,12,0
410,Set-top box,0.313,6.2,3422,28,1
105,Set-top box,0.183,12.9,139,42,1
429,AC,0.629,11.4,1324,33,1
426,AC,0.369,17.5,2920,4,0
123,AC,0.943,10.4,4732,25,1
223,AC,0.494,5.9,3626,3,1
127,AC,0.291,8.7,3294,36,1
413,TV,0.181,15.9,3998,5,1
312,Set-top box,0.149,17.3,1951,9,0
123,Set-top box,0.182,4.9,79,35,1
402,AC,0.513,20.1,269,38,1
320,TV,0.178,9.8,853,15,0
424,Set-top box,0.468,12.0,2261,33,1
217,Set-top box,0.154,4.7,2841,41,1
128,TV,0.433,15.3,1525,26,1
205,AC,0.574,4.3,4104,2,0
116,Set-top box,0.168,2.8,1450,10,0
308,Set-top box,0.436,17.1,50,19,1
329,Set-top box,0.305,4.2,750,37,1
215,TV,0.268,7.0,1762,7,0
305,AC,0.833,3.3,4448,20,1
130,TV,0.506,6.5,3240,3,1
426,AC,0.592,4.6,1837,4,0
329,TV,0.392,17.0,103,20,1
303,AC,0.281,18.1,2038,37,1
321,AC,0.891,13.7,3453,28,1
409,AC,0.483,18.0,544,0,0
112,Set-top box,0.317,4.3,488,8,0
412,AC,0.302,16.7,3549,4,1
128,TV,0.361,4.6,760,15,1
112,AC,0.921,15.8,4693,30,1
211,TV,0.518,12.5,3209,22,1
201,AC,0.476,11.7,4364,7,0
314,Set-top box,0.081,17.1,2459,0,1
224,TV,0.559,13.1,1974,23,1
219,Set-top box,0.192,1.2,2869,0,0
304,Set-top box,0.477,16.2,2968,20,1
213,Set-top box,0.27,12.4,2137,14,1
411,Set-top box,0.051,17.3,1651,9,1
313,TV,0.666,10.4,2457,9,0
416,AC,0.773,15.3,3599,17,1
117,AC,0.931,3.3,3229,35,1
325,Set-top box,0.354,3.7,814,7,0
402,Set-top box,0.254,1.6,2193,30,1
409,TV,0.481,4.5,2243,27,1
318,Set-top box,0.245,1.5,3345,50,1
105,AC,0.316,5.8,4960,32,1
129,AC,0.684,9.5,4687,11,0
202,AC,0.489,14.7,2966,3,0
405,TV,0.558,4.1,1817,12,1
410,TV,0.348,3.3,2389,11,0
403,Set-top box,0.312,11.7,3488,30,0
305,TV,0.543,8.5,3200,1,0
311,TV,0.603,11.3,1577,4,0
423,Set-top box,0.064,11.3,1188,47,1
201,TV,0.696,10.8,1855,8,1
229,Set-top box,0.145,2.7,2679,44,1
415,AC,0.378,13.3,3307,20,1
411,Set-top box,0.114,10.7,3346,19,1
409,Set-top box,0.493,14.4,3152,24,1
102,Set-top box,0.415,16.0,151,11,0
130,Set-top box,0.148,7.1,1029,41,0
218,AC,0.886,20.3,1106,28,1
223,TV,0.238,13.6,913,3,0
210,TV,0.385,6.6,3990,14,1
423,TV,0.344,10.1,1794,0,0
226,TV,0.23,4.0,2358,3,0
414,AC,0.737,14.0,1367,14,0
328,Set-top box,0.412,13.0,1873,43,1
304,AC,0.804,13.7,631,39,1
417,TV,0.644,5.5,919,14,1
119,TV,0.39,9.6,3823,29,1
405,Set-top box,0.217,6.0,2764,7,0
326,TV,0.253,12.4,1522,8,0
323,Set-top box,0.059,2.0,1139,25,0
222,AC,0.327,12.0,4172,13,1
311,AC,0.389,2.5,4835,20,1
417,TV,0.678,7.0,1752,8,0
301,AC,0.545,7.5,3746,9,0
430,TV,0.471,9.3,2045,2,0
205,Set-top box,0.085,17.7,1112,43,1
109,Set-top box,0.189,1.4,1660,32,1
303,TV,0.583,17.4,1346,26,1
102,Set-top box,0.347,7.8,1191,4,0
209,TV,0.306,17.6,2673,29,1
216,Set-top box,0.091,17.9,794,49,1
310,Set-top box,0.207,6.2,3432,21,1
220,TV,0.601,5.1,2700,23,0
107,Set-top box,0.067,6.7,3188,39,1
201,Set-top box,0.242,7.6,99,18,0
230,TV,0.262,11.7,1396,16,0
101,AC,0.712,2.5,2303,15,1
130,TV,0.613,2.5,3560,16,1
307,AC,0.482,11.3,3831,20,0
210,TV,0.237,13.3,909,15,1
209,AC,0.277,10.9,1072,5,0
203,TV,0.304,11.5,1538,13,1
315,AC,0.684,2.0,988,25,1
422,Set-top box,0.467,15.3,1810,10,1
201,TV,0.439,16.4,1860,10,0
110,TV,0.506,7.5,1666,26,1
329,AC,0.594,17.3,1616,8,0
412,Set-top box,0.164,13.6,1509,10,0
124,Set-top box,0.162,11.6,782,35,0
218,TV,0.682,2.7,945,23,0
120,TV,0.445,4.9,1109,13,0
310,AC,0.306,21.6,4660,1,1
103,TV,0.265,2.3,1220,7,0
401,AC,0.993,7.4,3217,38,1
108,TV,0.141,9.9,2128,25,0
211,AC,0.756,17.0,3172,21,1
314,TV,0.293,7.3,3736,1,1
124,Set-top box,0.237,2.8,2665,36,1
108,Set-top box,0.384,16.2,1633,21,0
105,Set-top box,0.361,8.8,1287,12,0
426,AC,0.221,20.5,4535,20,1
420,AC,0.559,13.0,50,17,0
413,Set-top box,0.419,16.0,1181,31,1
229,TV,0.637,4.5,1938,14,1
304,Set-top box,0.194,10.0,2405,44,1
212,TV,0.148,2.5,560,8,0
324,TV,0.597,4.1,823,12,0
304,Set-top box,0.252,4.4,2615,27,1
208,AC,0.223,14.7,202,17,0
409,AC,0.479,16.4,3334,36,1
212,TV,0.37,14.8,810,6,1
319,Set-top box,0.403,12.7,1843,14,0
223,Set-top box,0.397,6.0,2389,25,1
414,TV,0.543,8.0,286,23,1
220,AC,0.715,19.1,88,29,1
224,TV,0.465,2.8,3008,1,1
404,Set-top box,0.192,1.7,2445,50,1
210,AC,0.572,14.4,3540,28,1
330,Set-top box,0.336,17.2,2236,47,1
217,Set-top box,0.191,16.9,711,4,0
421,AC,0.743,4.8,1661,5,0
301,Set-top box,0.212,5.3,508,29,1
207,TV,0.124,3.6,1571,9,0
229,Set-top box,0.391,10.9,3292,7,0
226,TV,0.485,4.4,2477,4,1
417,TV,0.609,3.2,3641,12,1
308,AC,0.807,21.0,1177,32,1
324,Set-top box,0.257,14.6,3346,42,1
126,AC,0.872,4.9,291,20,0
413,TV,0.461,14.0,2308,11,0
212,TV,0.655,15.8,497,20,1
315,TV,0.398,10.0,660,30,1
411,Set-top box,0.293,2.6,2126,9,0
424,Set-top box,0.118,11.1,2840,6,1
316,AC,0.909,5.1,4918,34,1
403,AC,0.658,13.9,2585,5,0
224,TV,0.276,6.7,3428,28,1
419,Set-top box,0.246,6.6,2799,24,1
426,AC,0.849,20.4,1151,8,1
104,TV,0.387,15.0,1691,15,1
101,TV,0.423,13.7,1804,28,1
119,AC,0.971,14.8,4214,35,1
312,Set-top box,0.245,5.6,2134,19,0
408,AC,0.875,4.4,4806,19,1
112,TV,0.654,12.6,1198,28,1
212,Set-top box,0.063,5.0,2037,43,1
124,TV,0.443,15.2,2744,15,1
105,AC,0.642,3.9,979,29,0
130,Set-top box,0.307,10.9,1913,29,0
421,Set-top box,0.316,6.2,2373,16,1
409,TV,0.352,8.2,3874,27,1
420,TV,0.427,2.3,3067,25,1
320,TV,0.138,11.7,1939,15,0
320,TV,0.131,5.6,172,21,0
120,AC,0.764,15.0,4870,34,1
130,Set-top box,0.454,8.1,231,2,0
126,Set-top box,0.35,15.2,1272,21,0
209,TV,0.682,9.8,2743,21,1
226,AC,0.693,11.5,4691,14,1
209,Set-top box,0.336,16.7,3175,39,1
222,Set-top box,0.163,13.0,328,10,0
123,TV,0.282,1.0,3389,24,1
325,AC,0.693,10.6,308,12,0
228,TV,0.13,11.2,1562,8,0
214,TV,0.441,5.5,3811,23,1
412,Set-top box,0.094,2.7,229,11,0
314,TV,0.617,2.4,3503,3,1
204,Set-top box,0.089,9.0,1374,44,1
406,AC,0.538,2.4,1427,0,0
425,TV,0.535,8.3,1271,26,1
228,Set-top box,0.447,7.5,3021,5,1
221,Set-top box,0.111,16.2,2670,9,1
310,AC,0.495,12.9,3479,30,1
115,Set-top box,0.431,14.8,551,2,0
202,TV,0.136,3.0,1086,1,0
223,TV,0.302,15.1,1125,25,1
102,Set-top box,0.382,4.3,1816,4,0
201,Set-top box,0.264,15.7,1423,4,0
119,TV,0.418,1.8,3881,13,0
330,Set-top box,0.464,13.6,2731,35,1
211,Set-top box,0.242,8.9,722,46,1
102,Set-top box,0.378,6.3,2533,32,1
202,AC,0.347,3.9,1419,34,1
421,AC,0.211,17.0,653,34,1
221,TV,0.675,10.5,3956,2,1
415,TV,0.309,4.3,894,5,1
227,TV,0.277,12.9,1133,2,0
314,Set-top box,0.45,4.1,919,37,1
415,AC,0.864,16.4,3757,25,1
222,AC,0.427,4.4,3240,0,0
419,AC,0.941,3.2,3136,28,1
123,Set-top box,0.476,9.1,87,49,1
126,Set-top box,0.092,6.1,1559,24,0
414,AC,0.454,21.6,4392,1,1
427,AC,0.312,2.6,429,4,0
412,TV,0.189,5.0,2336,30,1
407,Set-top box,0.378,4.7,730,44,1
210,TV,0.329,17.1,310,17,1
217,AC,0.38,16.9,1010,9,0
320,AC,0.728,2.3,2794,34,0
423,TV,0.298,12.3,2191,30,1
124,AC,0.234,17.7,3943,38,1
226,Set-top box,0.073,9.7,1850,27,0
210,Set-top box,0.197,16.5,1651,10,0
328,AC,0.253,17.7,4657,3,1
218,Set-top box,0.145,14.2,2309,24,1
324,AC,0.574,12.3,4478,10,1
110,AC,0.479,20.7,2290,18,1
204,Set-top box,0.09,8.9,1122,44,0
404,AC,0.424,17.1,460,9,0
119,Set-top box,0.225,9.7,3313,44,1
124,TV,0.243,13.3,2746,30,1
411,TV,0.124,1.4,2494,26,1
121,Set-top box,0.088,11.2,2277,26,1
226,AC,0.848,21.5,831,35,1
327,AC,0.606,14.6,4622,30,1
405,AC,0.89,11.7,345,40,0
409,TV,0.181,17.7,83,8,1
412,AC,0.293,10.4,618,40,1
119,TV,0.503,17.2,1538,26,1
118,TV,0.402,6.2,317,26,1
208,AC,0.947,11.6,4947,16,1
125,TV,0.253,2.0,872,25,1
320,AC,0.311,13.4,3791,38,0
323,TV,0.309,5.8,3504,5,0
217,TV,0.658,5.1,398,18,1
117,AC,0.702,18.7,2162,20,0
302,AC,0.868,6.8,3300,20,1
209,TV,0.217,11.0,3185,11,1
205,TV,0.388,11.7,1153,19,0
101,AC,0.256,15.2,2420,5,0
404,TV,0.575,1.8,2262,9,0
114,TV,0.228,13.7,3817,13,1
228,TV,0.409,11.4,3622,14,1
230,TV,0.636,9.7,2080,5,1
420,Set-top box,0.32,15.7,3008,15,1
408,Set-top box,0.226,9.9,389,11,0
423,AC,0.743,6.8,80,39,0
404,AC,0.437,5.7,3387,10,0
410,AC,0.806,3.3,513,31,1
121,Set-top box,0.284,7.4,891,44,1
403,AC,0.387,4.9,1348,7,0
227,TV,0.488,12.6,1232,6,0
102,TV,0.512,15.5,2120,15,1
302,TV,0.58,7.2,993,22,0
323,AC,0.696,10.9,749,27,1
118,TV,0.36,12.7,598,10,0
403,TV,0.197,3.7,1743,21,1
417,AC,0.887,4.0,4559,28,1
220,AC,0.301,19.2,4835,26,1
227,Set-top box,0.482,17.5,1316,50,1
418,TV,0.662,17.6,1738,20,1
318,TV,0.582,5.9,794,29,1
406,AC,0.425,11.7,4236,36,1
222,Set-top box,0.283,2.7,2092,14,1
429,AC,0.491,12.1,1243,11,0
205,Set-top box,0.429,1.8,1754,45,1
219,Set-top box,0.146,10.6,1367,14,0
420,Set-top box,0.484,10.5,224,38,1
319,TV,0.259,1.8,3987,5,0
428,Set-top box,0.178,1.8,2958,15,1
222,Set-top box,0.472,17.7,2725,1,1
116,AC,0.342,18.0,2700,3,1
319,AC,0.685,19.2,2682,3,1
116,Set-top box,0.124,16.1,693,3,1
329,Set-top box,0.448,3.4,1565,22,1
209,TV,0.626,16.5,2081,7,0
301,TV,0.446,4.2,657,6,0
224,AC,0.461,17.8,2794,26,0
324,AC,0.438,18.6,4120,25,1
403,Set-top box,0.102,13.5,1940,21,0
305,Set-top box,0.326,6.9,2657,29,1
205,Set-top box,0.181,8.4,3333,30,1
325,AC,0.965,17.0,4109,9,1
420,Set-top box,0.393,15.3,2046,2,1
116,Set-top box,0.266,2.6,897,10,0
413,AC,0.672,11.3,4594,26,1
104,AC,0.495,13.1,2866,27,0
116,Set-top box,0.07,8.5,1128,14,0
225,AC,0.595,3.7,1170,17,0
418,AC,0.732,21.4,763,15,0
309,AC,0.545,14.0,1177,21,0
117,TV,0.195,6.3,2125,12,1
125,AC,0.998,12.5,2035,4,1
227,AC,0.768,8.3,4507,17,0
402,TV,0.689,3.4,711,29,1
326,AC,0.993,4.6,698,11,0
319,Set-top box,0.195,3.4,1670,18,0
119,AC,0.741,9.7,4623,39,1
322,TV,0.376,6.9,3620,5,0
327,AC,0.832,2.7,1676,1,0
107,TV,0.564,9.4,3140,18,1
420,TV,0.664,13.4,1027,16,1
301,Set-top box,0.189,2.1,2720,19,1
107,Set-top box,0.152,3.3,366,18,0
206,AC,0.367,15.0,2030,27,0
117,AC,0.411,15.1,4736,38,1
403,TV,0.245,13.0,3563,8,1
106,AC,0.907,13.2,1863,4,0
227,Set-top box,0.164,7.3,1433,30,0
421,TV,0.126,5.9,2330,30,1
329,TV,0.142,13.5,180,18,1
109,TV,0.118,16.1,2284,9,0
130,TV,0.221,3.2,2885,18,1
128,AC,0.487,19.2,305,15,0
113,AC,0.615,13.6,4762,14,1
228,Set-top box,0.18,13.1,3437,29,1
415,TV,0.57,11.6,3142,24,1
410,AC,0.788,11.5,3243,16,0
104,TV,0.283,11.6,2547,30,1
213,TV,0.536,6.1,3388,21,0
316,AC,0.222,4.0,4733,1,0
430,Set-top box,0.265,1.9,2762,4,0
328,Set-top box,0.132,15.0,2483,2,0
227,TV,0.236,4.2,3669,6,1
408,Set-top box,0.328,16.6,2999,36,1
405,Set-top box,0.496,6.1,84,6,0
325,TV,0.135,12.7,2006,11,0
405,TV,0.463,1.5,1560,18,0
406,Set-top box,0.431,2.9,1942,15,1
129,AC,0.71,21.1,3587,39,0
110,TV,0.147,16.7,2736,8,0
126,Set-top box,0.144,4.6,288,6,0
428,Set-top box,0.499,3.9,2677,9,1
418,TV,0.185,15.4,2143,2,0
226,Set-top box,0.22,7.6,1993,22,0
101,Set-top box,0.476,3.8,2211,38,1
125,Set-top box,0.189,13.0,2195,8,0
410,Set-top box,0.171,2.4,3050,42,1
411,TV,0.471,7.6,2269,25,1
406,AC,0.753,3.9,1367,32,1
230,Set-top box,0.197,10.5,866,13,0
322,TV,0.544,13.0,1574,21,1
406,Set-top box,0.274,13.5,118,45,1
307,Set-top box,0.115,1.4,2719,41,1
301,Set-top box,0.283,3.4,1974,48,1
111,Set-top box,0.352,4.7,905,21,1
109,AC,0.744,8.9,4566,40,1
304,Set-top box,0.397,12.9,2210,2,1
202,Set-top box,0.493,8.3,335,30,0
208,TV,0.674,6.4,2843,30,1
426,TV,0.131,2.7,2903,17,1
129,AC,0.412,18.4,480,10,0
420,Set-top box,0.177,4.8,426,12,0
322,Set-top box,0.076,15.0,70,36,1
416,AC,0.905,17.2,4874,37,0
204,TV,0.594,17.0,1979,23,1
417,AC,0.357,5.6,3899,24,1
314,TV,0.593,6.0,3567,3,1
123,AC,0.257,5.2,1919,20,0
126,TV,0.451,16.2,2288,4,0
304,AC,0.811,4.7,3296,13,0
408,AC,0.836,11.6,3942,12,1
103,Set-top box,0.395,3.9,2537,47,1
301,Set-top box,0.07,15.4,776,36,1
301,Set-top box,0.446,2.9,715,1,0
115,AC,0.21,2.9,3031,24,0
125,TV,0.496,12.3,3789,21,1
324,AC,0.655,4.3,3704,0,1
415,AC,0.326,17.2,1526,34,0
127,Set-top box,0.322,3.2,471,25,0
407,Set-top box,0.275,9.2,1642,19,0
125,TV,0.591,4.4,1581,4,0
127,TV,0.598,6.1,2200,9,1
129,AC,0.738,18.6,147,26,1
426,Set-top box,0.297,10.3,448,2,0
230,AC,0.918,2.3,580,21,1
425,TV,0.115,13.9,999,26,1
424,AC,0.713,19.5,4263,17,1
326,TV,0.639,7.0,101,20,1
102,AC,0.697,13.3,869,4,0
410,AC,0.774,14.1,973,22,1
129,TV,0.424,8.3,2564,20,1
210,TV,0.514,6.1,2454,0,0
122,TV,0.22,1.3,2932,2,0
307,Set-top box,0.455,17.1,3031,17,1
117,Set-top box,0.053,18.0,3488,23,1
123,TV,0.497,17.0,2920,23,1
302,AC,0.585,19.2,1588,40,0
208,TV,0.69,6.8,1933,30,1
418,TV,0.119,11.9,3597,30,0
314,Set-top box,0.185,1.4,1217,20,0
314,Set-top box,0.294,15.6,3374,45,1
121,Set-top box,0.315,13.6,3169,44,1
306,Set-top box,0.204,17.0,2995,16,1
317,TV,0.276,17.3,3783,23,1
313,AC,0.281,3.6,119,9,0
218,Set-top box,0.299,3.8,1835,24,1
429,AC,0.711,18.3,3401,34,1
405,Set-top box,0.292,15.8,2275,26,1
325,Set-top box,0.182,17.4,3319,28,1
125,TV,0.263,8.9,3921,0,1
410,Set-top box,0.1,17.2,2249,37,0
116,TV,0.678,15.0,2794,20,1
229,Set-top box,0.306,11.1,3168,8,1
322,AC,0.775,6.3,2727,8,0
319,AC,0.811,12.1,664,5,0
113,AC,0.259,21.8,3975,37,1
128,Set-top box,0.414,11.6,1224,31,1
428,AC,0.418,7.4,3951,26,1
415,AC,0.424,13.6,976,28,1
102,AC,0.538,7.6,2096,4,0
127,Set-top box,0.109,9.0,2816,3,1
425,Set-top box,0.205,11.7,1511,34,1
121,TV,0.208,17.3,2504,18,1
230,Set-top box,0.059,13.0,904,42,1
401,Set-top box,0.384,3.5,1871,29,1
112,AC,0.836,5.4,4527,31,1
113,TV,0.431,6.6,1796,30,1
403,AC,0.465,2.5,2051,22,1
214,TV,0.284,15.0,2055,3,0
103,TV,0.177,11.6,160,29,1
212,AC,0.3,20.6,1380,12,0
210,AC,0.667,2.7,1848,12,0
118,TV,0.394,13.8,725,30,0
213,Set-top box,0.228,6.1,2491,11,0
319,AC,0.5,3.1,2337,5,0
422,Set-top box,0.354,15.8,1988,50,1
424,AC,0.323,6.5,4666,28,1
107,AC,0.804,3.0,718,17,1
405,AC,0.853,6.0,2424,18,1
217,AC,0.73,3.5,4915,10,1
325,AC,0.633,20.2,73,25,1
323,AC,0.962,5.2,112,14,0
109,TV,0.618,2.4,3935,20,1
413,AC,0.532,10.5,4576,32,1
230,AC,0.794,16.7,571,8,0
130,Set-top box,0.367,1.0,2619,4,0
118,AC,0.435,19.0,3904,3,0
321,TV,0.104,1.7,688,25,1
228,Set-top box,0.15,1.3,1379,14,0
215,AC,0.291,20.3,2096,34,0
212,Set-top box,0.212,1.8,3357,47,1
110,Set-top box,0.422,9.8,405,25,1
304,Set-top box,0.358,8.4,2132,33,1
414,TV,0.135,6.7,1567,24,1
226,AC,0.595,10.2,2817,9,1
409,TV,0.141,13.0,1738,2,1
401,TV,0.173,17.0,3416,11,0
222,AC,0.227,15.0,3691,2,0
419,TV,0.46,3.6,566,12,1
328,TV,0.302,16.6,1773,16,1
417,TV,0.59,13.7,2389,1,0
408,Set-top box,0.125,2.8,1966,36,1
113,TV,0.586,3.0,3528,10,1
213,AC,0.201,3.2,4437,12,0
220,AC,0.992,10.4,1066,28,1
223,Set-top box,0.176,12.6,1173,5,0
312,Set-top box,0.416,6.6,2773,20,1
411,Set-top box,0.058,11.8,3346,42,1
128,Set-top box,0.278,15.5,1188,16,1
319,AC,0.376,7.6,187,31,1
322,AC,0.647,20.3,2040,8,1
210,AC,0.596,7.4,3334,40,0
428,Set-top box,0.26,10.2,2936,39,1
230,AC,0.774,5.5,2227,35,1
429,Set-top box,0.302,6.1,2310,3,0
227,TV,0.408,4.6,943,14,0
311,TV,0.371,14.6,1642,18,1
201,Set-top box,0.15,16.9,1188,12,1
308,AC,0.642,9.4,2632,24,1
301,AC,0.467,3.3,668,36,1
218,TV,0.678,6.0,863,11,0
207,TV,0.386,8.6,1562,21,1
321,AC,0.619,13.2,1128,30,1
213,Set-top box,0.117,13.3,1053,2,0
323,Set-top box,0.26,16.5,202,1,0
429,AC,0.206,2.5,400,5,0
412,TV,0.351,14.8,3879,11,0
123,AC,0.341,12.0,4285,34,1
225,Set-top box,0.095,17.5,2410,30,1
105,Set-top box,0.154,14.6,947,40,1
311,TV,0.698,9.1,740,7,0
120,Set-top box,0.187,13.7,3023,22,1
329,Set-top box,0.429,4.8,3129,35,1
129,TV,0.525,14.1,2008,13,1
109,TV,0.372,12.7,697,14,0
122,AC,0.726,18.1,2392,12,1
414,TV,0.515,7.1,563,6,0
421,TV,0.22,17.0,3150,11,1
221,TV,0.186,13.5,1819,18,0
325,AC,0.641,3.9,702,28,1
420,Set-top box,0.185,15.5,2110,32,0
119,Set-top box,0.116,2.1,3262,18,1
316,AC,0.479,9.1,3755,35,1
109,Set-top box,0.301,7.2,640,12,0
124,TV,0.414,2.1,3470,30,1
203,TV,0.334,10.7,3360,15,1
124,Set-top box,0.256,12.3,476,10,0
326,AC,0.712,21.9,100,34,1
223,AC,0.583,4.6,391,6,1
122,AC,0.617,16.2,4944,3,0
206,Set-top box,0.398,8.4,1660,48,1
220,TV,0.501,9.9,1035,18,1
304,TV,0.304,13.8,2195,8,1
112,AC,0.877,20.9,447,0,1
104,TV,0.395,15.8,2401,9,0
414,Set-top box,0.121,15.5,2453,45,0
416,Set-top box,0.329,3.3,1270,29,1
420,AC,0.592,5.9,1439,4,0
323,Set-top box,0.079,5.1,616,44,0
117,TV,0.403,11.8,557,21,1
305,AC,0.363,6.1,177,2,0
315,TV,0.533,9.9,2875,3,1
110,Set-top box,0.201,8.7,2676,34,1
117,TV,0.627,12.7,251,23,1
330,TV,0.246,13.2,219,28,1
412,Set-top box,0.339,9.6,266,3,0
215,Set-top box,0.445,15.5,2345,22,0
316,Set-top box,0.266,14.7,1848,50,0
124,AC,0.374,4.3,3606,20,1
407,AC,0.667,2.6,2425,20,1
317,Set-top box,0.48,16.6,2556,48,1
430,AC,0.628,8.3,2358,37,0
228,AC,0.21,8.4,4757,32,1
107,AC,0.539,14.1,3442,17,1
221,Set-top box,0.218,11.6,2366,18,1
130,TV,0.361,6.7,3347,28,1
401,TV,0.338,15.4,794,3,0
308,TV,0.333,11.8,1671,0,0
304,Set-top box,0.227,10.3,873,18,0
324,TV,0.26,11.0,989,22,1
316,Set-top box,0.084,4.0,3176,18,1
107,TV,0.201,9.7,517,16,0
125,Set-top box,0.498,17.6,1179,3,1
314,TV,0.28,17.4,610,22,1
210,Set-top box,0.309,13.5,1229,41,0
110,TV,0.212,13.7,3622,29,1
411,Set-top box,0.447,13.3,3368,8,1
311,Set-top box,0.436,5.7,811,14,0
130,AC,0.319,18.9,3936,31,1
114,AC,0.47,13.6,4687,31,1
115,AC,0.8,19.5,1017,1,1
228,TV,0.121,2.9,3047,1,0
225,Set-top box,0.178,12.9,2125,15,0
323,AC,0.585,3.1,1058,23,0
405,TV,0.455,6.4,2773,22,1
408,TV,0.692,4.8,3382,12,1
406,Set-top box,0.118,7.6,1559,44,0
214,Set-top box,0.45,12.9,1710,0,0
114,Set-top box,0.089,8.4,1907,39,1
112,AC,0.503,13.1,509,40,1
316,TV,0.353,11.8,378,23,0
310,AC,0.383,10.9,1001,6,0
403,TV,0.337,16.8,2462,7,0
224,TV,0.436,2.3,1533,20,1
225,TV,0.564,9.2,3346,27,1
327,Set-top box,0.182,9.3,3470,2,1
122,TV,0.266,7.8,2792,12,0
425,TV,0.696,7.3,2302,11,1
315,Set-top box,0.396,14.1,1769,36,1
209,AC,0.585,14.4,1573,15,1
415,AC,0.701,9.5,3758,0,0
202,AC,0.914,10.3,4079,15,1
121,TV,0.146,11.9,916,4,0
409,Set-top box,0.467,10.8,2405,2,1
417,TV,0.236,15.9,2613,28,1
311,Set-top box,0.491,7.2,3165,14,1
217,Set-top box,0.486,14.3,407,31,1
204,Set-top box,0.481,3.9,2373,7,1
127,Set-top box,0.226,12.9,2774,21,0
309,AC,0.716,11.0,4467,10,0
203,TV,0.169,3.9,2255,10,1
409,Set-top box,0.288,10.8,2474,20,0
115,Set-top box,0.073,16.7,1824,46,1
418,TV,0.495,5.2,272,22,1
214,TV,0.478,5.6,2643,22,1
123,AC,0.828,8.0,4655,36,1
422,Set-top box,0.368,8.3,2463,47,1
316,Set-top box,0.105,8.0,3317,17,1
225,Set-top box,0.277,13.0,3050,26,1
411,Set-top box,0.063,6.5,2404,38,1
129,AC,0.227,14.4,515,38,1
105,AC,0.532,11.6,3918,15,1
419,Set-top box,0.471,2.2,1280,7,1
309,TV,0.125,9.4,179,15,0
104,TV,0.108,10.1,1173,1,0
223,TV,0.272,17.8,2240,14,1
125,TV,0.348,7.2,830,10,0
430,Set-top box,0.333,9.1,1801,13,0
218,Set-top box,0.435,17.2,1486,50,0
319,TV,0.182,1.3,3321,2,0
226,Set-top box,0.215,8.9,2794,22,0
402,AC,0.647,13.2,1548,5,0
413,Set-top box,0.371,5.2,2785,39,0
123,AC,0.885,5.9,1275,30,1
405,Set-top box,0.123,5.3,938,50,0
322,AC,0.892,13.6,4130,39,1
111,Set-top box,0.345,12.6,1104,48,1
327,TV,0.269,14.7,2268,10,1
118,Set-top box,0.101,2.8,863,38,1
303,Set-top box,0.085,12.8,1367,44,1
314,AC,0.642,17.6,1973,24,1
121,AC,0.913,13.8,2433,8,1
206,TV,0.605,12.2,587,28,1
426,Set-top box,0.16,14.7,345,23,0
116,TV,0.629,7.0,1587,3,0
304,AC,0.342,10.6,2114,31,1
303,AC,0.286,18.8,857,36,1
313,TV,0.144,14.1,2866,10,0
422,AC,0.675,5.7,1404,28,1
202,Set-top box,0.091,15.4,1186,37,1
422,TV,0.648,9.4,1964,14,1
209,Set-top box,0.187,5.1,3365,23,1
408,Set-top box,0.317,4.0,342,28,0
216,TV,0.465,2.2,345,13,1
102,AC,0.625,3.1,4210,5,0
315,Set-top box,0.252,4.6,1445,15,0
229,TV,0.4,2.9,2524,26,1
327,TV,0.525,13.0,3702,30,1
310,TV,0.602,4.8,3767,4,1
111,TV,0.496,11.5,3884,28,0
105,AC,0.849,9.7,1296,31,0
415,AC,0.328,13.5,3225,14,1
116,AC,0.454,16.8,2989,37,1
219,AC,0.486,6.8,1866,19,1
206,Set-top box,0.476,14.6,3497,48,1
105,Set-top box,0.459,6.6,1751,11,1
427,AC,0.964,4.3,1808,10,1
417,Set-top box,0.23,13.6,1339,40,1
223,Set-top box,0.3,7.9,2423,5,0
407,TV,0.388,13.3,129,20,1
224,Set-top box,0.453,11.1,1565,43,1
305,Set-top box,0.421,9.1,2390,41,1
427,TV,0.431,6.8,1073,4,0
421,AC,0.27,14.7,2228,0,0
218,Set-top box,0.347,12.6,2647,18,0
418,TV,0.263,10.5,2149,23,0
322,AC,0.591,14.9,4089,14,1
317,TV,0.237,12.5,1442,17,0
427,TV,0.626,13.0,1640,15,0
109,AC,0.428,20.3,4073,12,1
107,TV,0.369,16.7,2362,20,1
217,AC,0.893,18.4,2464,29,1
330,Set-top box,0.486,5.3,3268,26,1
215,TV,0.131,15.1,1809,19,0
120,Set-top box,0.458,15.5,633,10,1
208,TV,0.406,1.8,3077,17,1
407,AC,0.896,13.9,1715,1,0
128,Set-top box,0.387,13.4,2358,16,1
225,AC,0.486,11.6,840,14,1
209,AC,0.389,3.5,4964,39,1
110,TV,0.228,15.1,1160,29,1
430,TV,0.206,3.0,2853,7,0
309,TV,0.211,14.2,342,2,0
319,Set-top box,0.102,9.8,2276,43,0
308,Set-top box,0.378,17.3,448,3,1
117,AC,0.461,7.5,3803,0,0
315,TV,0.37,12.7,1178,26,1
211,Set-top box,0.349,5.2,2865,44,1
203,AC,0.805,18.0,3328,22,1
410,AC,0.315,7.5,3864,1,0
204,TV,0.511,10.1,1018,27,1
212,Set-top box,0.25,11.3,1689,47,1
225,AC,0.587,15.1,1525,19,0
116,AC,0.669,20.3,958,33,0
325,Set-top box,0.214,13.9,1442,34,0
316,TV,0.42,15.6,2344,15,1
119,AC,0.26,11.8,2023,21,0
208,AC,0.862,4.4,1709,15,0
109,TV,0.322,10.5,1357,7,0
123,AC,0.648,20.6,2161,22,1
319,TV,0.129,3.7,2914,29,1
207,Set-top box,0.47,6.8,789,26,1
404,AC,0.386,11.0,4796,26,1
305,AC,0.361,12.4,342,30,1
418,TV,0.507,6.8,2692,16,1
318,Set-top box,0.075,11.6,144,35,1
303,AC,0.783,19.0,2126,22,1
313,Set-top box,0.311,7.7,67,33,1
429,AC,0.642,5.6,4605,9,1
120,AC,0.347,3.4,4188,10,1
417,TV,0.537,2.4,3132,14,0
405,Set-top box,0.189,6.2,597,43,1
210,TV,0.304,2.5,3514,6,0
101,Set-top box,0.334,4.9,178,21,1
322,AC,0.632,8.4,2573,17,0
110,AC,0.966,7.6,2495,14,0
301,TV,0.276,11.6,1647,0,1
219,TV,0.34,4.3,758,6,0
227,TV,0.524,4.0,625,18,1
221,AC,0.653,17.9,2892,18,1
109,TV,0.26,5.2,446,1,0
429,TV,0.667,6.3,1355,30,1
419,AC,0.399,9.4,3327,26,1
203,TV,0.455,7.4,2820,11,0
209,AC,0.381,15.8,659,15,1
201,TV,0.652,7.9,2095,24,1
312,Set-top box,0.076,7.9,1820,9,0
426,AC,0.851,4.4,2456,1,0
318,Set-top box,0.428,14.7,963,18,0
417,Set-top box,0.399,11.4,3208,32,1
126,TV,0.488,2.5,2100,3,0
327,Set-top box,0.17,3.2,3422,35,1
325,TV,0.385,8.2,3032,1,0
215,TV,0.406,11.9,1296,3,0
329,AC,0.44,14.3,818,14,0
113,AC,0.269,18.6,1210,22,1
407,Set-top box,0.195,6.5,791,37,1
115,Set-top box,0.068,15.2,1392,9,1
129,Set-top box,0.212,2.4,2641,28,0
106,AC,0.795,20.9,3483,37,1
430,Set-top box,0.342,13.9,324,8,1
227,Set-top box,0.31,11.1,721,32,1
211,Set-top box,0.324,7.5,1367,11,0
226,Set-top box,0.47,17.9,852,28,1
223,Set-top box,0.345,4.1,2125,28,1
126,Set-top box,0.105,15.6,1398,33,1
412,AC,0.22,14.4,2777,15,1
421,AC,0.241,6.7,3295,25,1
326,TV,0.54,17.7,1896,14,0
316,Set-top box,0.062,3.5,1497,20,0
123,Set-top box,0.406,6.6,3124,9,1
230,Set-top box,0.209,13.7,1892,19,0
218,TV,0.185,5.7,384,9,0
307,AC,0.253,7.2,2663,28,1
317,AC,0.623,19.8,4385,0,1
312,Set-top box,0.305,6.1,1043,10,0
419,TV,0.454,16.1,2510,21,1
226,Set-top box,0.285,10.0,2529,13,0
218,Set-top box,0.472,16.4,456,5,0
211,Set-top box,0.342,5.9,147,14,0
302,TV,0.419,7.4,460,21,1
201,TV,0.527,5.8,768,26,1
214,Set-top box,0.174,8.3,2992,14,1
316,AC,0.625,20.0,4897,37,0
402,Set-top box,0.091,13.3,2476,13,0
105,Set-top box,0.405,1.6,1544,46,1
230,TV,0.106,8.3,3756,3,0
419,AC,0.969,13.3,1105,0,1
311,AC,0.424,2.1,2577,27,1
224,AC,0.5,20.8,2458,39,1
304,TV,0.464,17.7,292,21,1
211,TV,0.369,9.7,3088,7,0
403,TV,0.518,4.8,893,1,0
219,Set-top box,0.102,14.8,1808,50,1
108,Set-top box,0.222,10.6,2528,9,0
102,Set-top box,0.291,17.0,522,16,1
402,Set-top box,0.204,8.3,119,36,0
218,AC,0.714,20.0,3858,6,1
112,AC,0.886,3.9,4376,2,1
214,Set-top box,0.217,14.2,2827,38,1
416,AC,0.979,9.5,2108,8,1
407,TV,0.439,15.0,2267,21,1
217,Set-top box,0.384,2.7,3357,49,1
112,Set-top box,0.301,9.7,473,1,0
423,AC,0.896,7.4,250,20,1
212,AC,0.772,5.9,1603,0,1
220,TV,0.502,9.0,1627,6,0
407,TV,0.174,4.9,3813,9,1
109,TV,0.379,6.8,638,10,0
223,Set-top box,0.26,17.9,1025,8,0
114,AC,0.544,6.2,2249,20,0
303,TV,0.544,13.8,3248,26,1
308,TV,0.229,11.1,1292,11,0
327,AC,0.297,13.0,2470,12,0
413,AC,0.87,12.5,78,30,1
402,Set-top box,0.214,2.1,3042,17,0
323,TV,0.132,13.1,1410,2,0
428,AC,0.696,11.0,259,26,0
106,Set-top box,0.431,7.0,2328,23,1
126,TV,0.489,13.1,721,22,1
404,TV,0.555,4.4,596,16,0
404,Set-top box,0.108,2.5,243,7,0
201,AC,0.612,20.2,3031,3,1
205,Set-top box,0.057,13.6,1945,11,0
430,TV,0.408,7.3,2506,9,1
409,AC,0.516,16.9,1045,7,0
214,Set-top box,0.421,16.0,2213,43,1
429,Set-top box,0.309,6.4,1409,35,1
229,TV,0.256,13.2,545,22,0
412,Set-top box,0.309,3.9,1687,42,1
419,AC,0.845,14.1,4383,26,1
225,AC,0.293,9.1,697,14,0
305,TV,0.167,1.6,1639,5,0
326,Set-top box,0.449,12.7,299,19,0
413,AC,0.421,20.8,1769,19,0
308,Set-top box,0.147,7.8,1595,1,0
117,TV,0.556,15.7,3412,1,1
427,TV,0.375,12.0,3875,13,0
202,TV,0.304,16.5,469,6,1
310,Set-top box,0.428,11.0,2344,43,1
414,Set-top box,0.386,17.9,2379,50,1
317,Set-top box,0.195,4.8,1715,2,0
430,AC,0.345,6.4,726,20,0
121,TV,0.23,11.3,1980,27,1
307,TV,0.361,14.9,3758,5,1
416,TV,0.202,3.8,3826,8,1
403,Set-top box,0.062,16.3,1507,6,1
229,AC,0.709,14.4,1185,39,1
324,Set-top box,0.229,6.0,235,38,0
225,Set-top box,0.243,4.8,1714,35,1
303,AC,0.87,9.5,4301,24,1
422,TV,0.514,3.2,1643,1,0
408,Set-top box,0.427,14.9,1275,33,1
220,AC,0.958,3.5,2747,39,1
412,Set-top box,0.179,15.9,2109,11,0
406,TV,0.214,12.3,3290,5,1
101,AC,0.337,16.6,1388,29,1
122,AC,0.744,17.1,3435,35,1
311,Set-top box,0.125,9.0,591,15,0
221,Set-top box,0.42,10.6,2878,21,0
221,AC,0.885,15.2,1210,22,1
205,TV,0.498,4.6,66,16,0
120,Set-top box,0.12,4.7,3108,25,0
102,Set-top box,0.464,11.6,2767,7,1
409,AC,0.636,21.5,3574,5,1
214,Set-top box,0.151,2.3,3488,8,0
403,Set-top box,0.334,14.3,1567,21,1
405,TV,0.196,15.9,3085,10,1
224,Set-top box,0.307,13.4,2183,8,0
206,AC,0.673,14.2,4046,14,1
401,Set-top box,0.322,4.9,2399,44,1
427,Set-top box,0.424,3.8,3500,44,1
205,AC,0.427,18.7,4217,17,1
129,TV,0.537,14.2,126,28,1
206,TV,0.663,6.9,2907,13,1
123,Set-top box,0.358,5.8,3093,34,1
416,TV,0.124,8.0,51,8,0
411,TV,0.397,16.9,3089,26,1
214,TV,0.629,7.8,2476,4,1
409,Set-top box,0.254,15.4,554,29,1
208,Set-top box,0.306,4.9,2192,46,1
427,TV,0.547,10.3,969,10,0
415,Set-top box,0.171,2.6,882,28,1
119,Set-top box,0.387,15.3,1221,27,1
209,TV,0.491,7.1,2440,28,1
308,AC,0.703,14.9,3290,11,1
219,TV,0.577,8.0,2042,30,1
420,TV,0.509,11.0,1662,24,1
225,Set-top box,0.38,17.0,197,1,0
111,AC,0.971,19.5,1139,22,1
121,TV,0.627,13.4,3414,9,0
410,Set-top box,0.418,13.2,148,43,1
127,Set-top box,0.476,3.4,2576,16,0
423,TV,0.141,9.7,2555,15,0
413,Set-top box,0.363,11.5,959,36,1
403,TV,0.641,16.7,3102,7,1
425,Set-top box,0.092,10.6,344,41,1
227,Set-top box,0.358,15.4,1582,0,0
116,Set-top box,0.212,8.3,1256,42,1
128,AC,0.965,3.4,940,38,1
303,AC,0.545,20.2,1819,36,1
109,Set-top box,0.394,7.2,1690,3,0
311,Set-top box,0.281,1.4,2116,3,0
421,Set-top box,0.356,6.4,1965,37,1
404,AC,0.226,17.8,2620,9,0
314,AC,0.94,14.6,294,21,0
107,TV,0.134,9.6,1321,14,0
403,AC,0.361,19.8,3544,2,1
302,Set-top box,0.114,5.7,1391,0,0
327,TV,0.357,7.2,3506,2,0
128,AC,0.837,8.5,631,19,1
101,AC,0.649,16.3,4514,26,1
120,Set-top box,0.305,1.9,3126,35,1
307,AC,0.849,9.4,2509,31,1
119,TV,0.447,13.4,575,3,0
415,AC,0.683,16.8,1892,8,0
215,Set-top box,0.173,17.4,1236,2,0
117,AC,0.735,18.2,3441,37,1
205,Set-top box,0.303,8.2,3148,27,1
321,TV,0.573,13.2,1248,20,1
206,TV,0.303,2.9,978,3,0
312,Set-top box,0.125,12.4,517,5,0
128,AC,0.586,3.3,1755,37,1
128,TV,0.616,16.2,2898,19,0
417,AC,0.335,7.4,3559,21,0
205,TV,0.642,11.3,1520,21,1
301,Set-top box,0.221,8.1,459,22,0
127,AC,0.78,8.3,4439,1,1
327,Set-top box,0.401,3.1,2417,9,1
310,AC,0.207,19.6,1172,20,0
306,AC,0.317,10.9,372,8,0
425,AC,0.63,19.5,1214,14,0
230,TV,0.295,9.8,1990,20,0
303,TV,0.286,9.6,2680,17,1
120,Set-top box,0.052,11.1,2250,35,0
113,Set-top box,0.138,7.5,2350,32,1
422,TV,0.211,13.9,2611,23,1
420,TV,0.339,12.0,3413,15,1
105,AC,0.476,13.0,4501,24,1
315,Set-top box,0.314,3.0,1198,41,1
416,Set-top box,0.387,15.1,274,30,0
309,AC,0.362,7.3,2277,12,0
408,AC,0.224,5.9,4390,13,1
218,Set-top box,0.208,15.1,1794,33,0
318,TV,0.278,10.4,2526,24,1
318,AC,0.582,18.8,4855,8,1
220,TV,0.34,2.2,1782,5,0
118,Set-top box,0.401,2.3,3013,6,0
109,Set-top box,0.113,16.8,1354,10,0
418,AC,0.996,18.3,1358,31,1
119,Set-top box,0.285,1.4,645,3,0
216,AC,0.249,21.4,1608,25,1
330,AC,0.812,16.0,1819,4,0
427,Set-top box,0.346,8.1,1501,14,0
103,AC,0.99,13.9,3675,39,1
423,AC,0.978,7.8,3227,33,1
120,Set-top box,0.377,9.3,1405,22,1
424,Set-top box,0.301,6.1,2138,38,1
415,AC,0.485,6.1,4057,16,1
311,TV,0.487,11.2,3368,6,0
325,AC,0.286,6.3,3389,0,0
205,Set-top box,0.204,8.9,968,41,1
316,TV,0.49,13.1,3395,4,1
310,TV,0.305,15.2,2529,10,0
207,TV,0.461,7.9,545,11,0
421,AC,0.492,2.5,2198,21,1
113,AC,0.513,17.4,4871,32,1
110,Set-top box,0.45,3.3,2115,29,1
207,TV,0.394,17.5,3424,5,1
203,AC,0.632,2.4,308,27,0
224,AC,0.994,13.3,4755,40,1
420,AC,0.769,8.4,644,12,0
209,Set-top box,0.112,12.1,504,21,0
417,TV,0.342,16.7,3741,30,1
113,Set-top box,0.241,13.5,2727,48,1
309,AC,0.706,16.9,4749,8,0
208,Set-top box,0.347,10.6,2845,38,1
406,Set-top box,0.302,12.7,2388,18,1
216,TV,0.425,14.9,3542,22,1
302,TV,0.176,6.9,1903,13,0
419,Set-top box,0.282,10.8,1366,9,0
428,Set-top box,0.064,2.8,2625,44,1
416,TV,0.498,11.8,738,24,0
425,Set-top box,0.499,17.5,3206,1,1
407,TV,0.123,3.4,3237,4,1
307,Set-top box,0.051,7.1,2592,30,1
211,TV,0.5,2.1,122,19,0
210,Set-top box,0.158,15.8,1171,40,1
122,TV,0.576,5.3,1863,30,1
108,AC,0.535,5.2,1685,38,1
216,TV,0.449,14.7,3133,12,1
209,Set-top box,0.349,2.1,2133,24,0
212,AC,0.789,6.8,332,23,1
117,Set-top box,0.194,3.4,154,41,1
225,TV,0.523,16.5,3190,24,1
111,TV,0.184,17.9,1009,26,0
315,Set-top box,0.495,10.3,2992,8,1
413,Set-top box,0.155,10.3,432,0,0
201,Set-top box,0.075,12.3,1678,9,0
202,AC,0.751,3.9,4801,22,1
206,Set-top box,0.465,3.6,2403,3,0
412,TV,0.439,17.9,646,4,1
113,Set-top box,0.444,1.5,1126,22,0
214,AC,0.89,12.8,3370,1,1
226,AC,0.751,14.0,95,17,0
209,AC,0.741,2.5,4287,21,1
204,AC,0.589,2.4,737,20,0
326,AC,0.906,9.2,161,17,1
124,TV,0.435,17.0,1753,26,1
203,Set-top box,0.358,6.1,1833,26,1
128,TV,0.383,13.6,3983,21,1
229,TV,0.462,17.8,3313,5,0
313,Set-top box,0.41,7.3,61,6,0
125,AC,0.23,18.2,3175,5,0
227,TV,0.38,6.5,2359,12,0
108,AC,0.204,3.6,2146,13,0
309,TV,0.671,8.2,1514,21,1
425,Set-top box,0.386,17.8,1745,27,0
312,AC,0.526,12.1,4143,8,0
321,AC,0.424,19.3,1182,31,1
111,AC,0.489,20.3,969,3,0
310,TV,0.266,5.8,2713,25,0
108,TV,0.273,6.1,245,7,0
204,Set-top box,0.072,11.5,2509,16,1
219,AC,0.614,10.7,865,8,0
101,TV,0.557,9.6,485,27,1
212,Set-top box,0.263,6.7,1809,21,0
419,Set-top box,0.333,1.0,2571,26,1
117,TV,0.683,4.9,1280,23,1
110,TV,0.16,6.6,1984,3,0
130,AC,0.417,11.0,2009,11,0
226,AC,0.501,17.1,1377,33,1
418,TV,0.349,4.0,3614,24,1
219,TV,0.195,13.6,3845,3,1
424,TV,0.456,1.4,1771,29,1
230,TV,0.305,12.7,3419,5,1
313,AC,0.388,21.7,2583,20,1
103,TV,0.559,7.5,74,30,1
313,AC,0.607,7.9,3335,26,1
320,AC,0.566,18.2,343,28,1
204,AC,0.371,7.5,3395,16,0
422,AC,0.239,5.7,2039,30,0
125,TV,0.656,15.8,3409,9,1
122,Set-top box,0.241,8.1,3130,23,1
210,TV,0.235,8.2,3132,12,0
416,Set-top box,0.088,4.7,1568,48,1
212,TV,0.522,4.4,795,16,0
425,Set-top box,0.241,15.5,1474,47,1
324,AC,0.588,21.1,4023,30,1
214,AC,0.3,8.0,4509,10,1
328,Set-top box,0.132,16.3,3265,50,0
105,TV,0.51,9.5,2438,4,0
312,AC,0.523,12.5,4307,22,1
425,AC,0.982,17.9,453,12,1
306,AC,0.576,21.7,2093,7,0
304,TV,0.64,9.5,2521,4,0
417,AC,0.233,15.8,1466,12,0
108,TV,0.429,13.4,2211,13,1
421,AC,0.783,13.5,3500,31,1
203,AC,0.462,8.1,839,4,0
103,AC,0.458,10.8,1800,32,1
104,Set-top box,0.352,15.6,1400,26,1
408,TV,0.542,9.7,2166,9,0
117,Set-top box,0.412,6.2,2955,41,1
214,Set-top box,0.46,13.7,2975,27,1
209,Set-top box,0.195,7.4,2894,30,1
215,AC,0.798,2.1,1675,7,0
229,Set-top box,0.283,9.1,747,22,0
128,Set-top box,0.129,11.1,669,42,1
422,TV,0.12,7.8,3853,9,0
224,Set-top box,0.427,13.8,162,38,0
217,TV,0.684,9.9,3945,4,1
406,Set-top box,0.328,11.1,715,21,1
412,AC,0.3,15.1,2216,34,1
427,TV,0.19,2.8,1994,2,0
225,TV,0.493,9.8,1533,17,1
205,TV,0.279,14.6,3064,25,0
308,AC,0.771,3.8,3001,22,1
123,TV,0.348,4.1,144,4,0
401,AC,0.765,9.3,4383,31,1
422,TV,0.599,14.4,1057,6,0
304,Set-top box,0.268,7.6,2088,50,1
420,Set-top box,0.293,13.3,2887,40,0
230,AC,0.941,15.0,4352,30,1
108,Set-top box,0.183,8.6,2989,27,1
302,Set-top box,0.284,9.9,3210,40,1
428,TV,0.427,1.6,346,28,1
302,TV,0.461,3.6,3572,16,1
222,TV,0.577,2.8,3657,5,0
219,Set-top box,0.224,11.2,2209,13,1
122,TV,0.504,15.0,361,17,0
102,TV,0.312,10.5,3632,13,0
316,TV,0.519,2.5,655,19,1
211,TV,0.492,1.2,921,14,1
315,Set-top box,0.096,16.2,997,26,0
123,AC,0.704,11.0,2791,16,1
311,TV,0.263,16.0,2063,13,0
114,Set-top box,0.369,12.9,721,31,0
206,Set-top box,0.212,12.3,670,48,1
106,Set-top box,0.424,2.6,445,47,1
406,TV,0.402,2.9,2480,13,0
213,Set-top box,0.407,4.1,2033,41,1
306,Set-top box,0.328,3.7,2614,29,1
413,Set-top box,0.294,6.0,320,14,1
213,Set-top box,0.103,9.8,1436,37,1
118,Set-top box,0.092,14.9,799,7,0
101,TV,0.508,2.9,3674,17,1
128,AC,0.338,15.4,4753,31,1
406,TV,0.235,11.3,456,21,1
227,TV,0.331,10.1,912,22,1
408,AC,0.61,12.1,1484,35,1
111,Set-top box,0.198,7.5,3463,15,1
309,AC,0.905,21.8,4506,2,1
222,AC,0.28,13.8,3059,17,1
415,TV,0.629,5.0,183,8,1
410,Set-top box,0.264,4.1,2577,1,0
119,AC,0.24,6.5,3151,25,0
228,AC,0.856,16.6,3528,38,1
109,Set-top box,0.138,10.4,351,24,0
114,AC,0.829,20.4,2321,8,0
202,TV,0.599,9.9,2229,22,1
322,AC,0.349,5.5,622,10,1
125,AC,0.787,16.5,4002,11,1
215,TV,0.568,7.8,3023,29,1
428,Set-top box,0.287,16.5,1794,24,1
109,AC,0.974,21.7,2896,4,1
118,TV,0.227,1.4,2116,5,0
318,AC,0.9,3.1,1714,23,1
417,Set-top box,0.241,9.7,915,1,0
127,TV,0.113,13.9,2666,28,1
113,TV,0.502,9.3,2667,10,0
225,AC,0.397,13.7,1853,12,0
304,TV,0.256,4.4,1488,20,0
324,TV,0.403,8.9,3130,12,0
414,Set-top box,0.116,2.8,3169,4,0
220,Set-top box,0.137,4.2,773,38,1
208,TV,0.257,13.8,1904,8,0
102,TV,0.197,8.5,2940,13,0
220,TV,0.331,8.7,2591,16,1
109,TV,0.33,11.5,1066,30,0
214,AC,0.373,9.2,1102,39,1
109,TV,0.292,17.8,1464,12,1
414,AC,0.802,11.6,551,13,1
323,TV,0.474,7.3,2467,21,1
313,Set-top box,0.396,13.4,211,29,0
402,TV,0.169,1.9,1675,21,0
228,TV,0.338,4.0,2241,3,0
201,Set-top box,0.316,7.4,77,26,0
111,AC,0.922,6.0,4446,9,1
403,Set-top box,0.495,12.4,2233,41,1
227,TV,0.248,15.2,2680,30,0
209,Set-top box,0.474,17.6,2602,27,0
107,AC,0.794,10.7,3816,4,0
330,Set-top box,0.494,17.2,2580,6,1
215,TV,0.361,5.9,2040,2,0
309,Set-top box,0.064,12.9,3317,24,1
124,Set-top box,0.196,7.3,3180,40,1
102,AC,0.585,19.3,530,10,0
203,AC,0.308,16.3,4043,7,1
102,Set-top box,0.483,5.5,494,38,1
416,AC,0.942,2.1,4496,30,1
424,AC,0.694,7.4,412,14,0
220,Set-top box,0.33,13.6,2867,15,1
410,TV,0.268,7.9,508,15,1
111,AC,0.994,9.9,1093,14,0
206,Set-top box,0.278,13.5,456,9,0
308,Set-top box,0.255,16.1,2896,35,1
115,Set-top box,0.3,10.4,437,29,1
304,AC,0.647,3.2,2897,30,0
224,AC,0.77,20.8,3153,37,1
406,TV,0.542,13.4,309,16,1
420,TV,0.527,3.5,383,25,1
329,Set-top box,0.227,4.7,607,39,0
411,AC,0.96,12.1,1010,14,0
427,TV,0.323,5.9,1858,24,0
306,TV,0.591,16.8,2445,18,1
105,Set-top box,0.404,15.9,1548,33,1
416,AC,0.544,3.9,518,10,0
329,AC,0.641,20.6,4882,23,1
320,AC,0.301,20.4,2760,2,0
324,Set-top box,0.162,5.5,2555,27,1
210,TV,0.647,7.6,893,7,1
321,TV,0.472,13.2,640,15,0
229,TV,0.536,6.0,1681,26,1
114,Set-top box,0.055,7.1,1346,8,0
413,Set-top box,0.413,10.4,1639,44,1
215,Set-top box,0.449,3.2,3091,38,1
118,Set-top box,0.34,8.8,1262,16,0
129,TV,0.492,1.0,204,21,1
129,AC,0.757,7.1,3875,4,0
212,TV,0.21,13.9,1112,28,0
330,AC,0.265,13.8,2613,36,1
402,TV,0.565,4.0,2757,1,0
110,Set-top box,0.373,1.2,1430,50,1
116,AC,0.76,21.0,4667,9,1
420,Set-top box,0.41,5.1,2745,7,1
318,Set-top box,0.064,8.5,3119,13,1
121,AC,0.411,6.7,1743,33,0
422,TV,0.299,6.5,394,10,0
130,TV,0.533,11.1,1385,13,1
209,Set-top box,0.333,5.8,567,32,0
323,AC,0.625,20.9,926,21,1
112,Set-top box,0.299,11.1,3263,20,0
302,Set-top box,0.082,17.4,1181,8,0
311,Set-top box,0.425,10.8,1193,29,1
426,AC,0.826,9.1,3174,39,1
326,AC,0.623,6.6,3971,21,1
121,Set-top box,0.153,14.6,3284,49,1
127,Set-top box,0.074,8.2,783,45,1
413,AC,0.218,20.5,4622,33,1
103,Set-top box,0.139,11.1,3452,40,1
229,TV,0.155,7.3,3093,19,0
120,TV,0.548,3.6,1930,22,1
122,TV,0.106,15.1,1066,9,1
423,TV,0.134,2.2,1617,11,0
420,Set-top box,0.46,14.8,1600,6,1
129,TV,0.191,6.6,1652,18,1
107,Set-top box,0.096,14.1,3470,47,0
116,TV,0.681,12.8,3854,19,1
211,Set-top box,0.241,11.3,1291,18,0
308,Set-top box,0.341,17.5,3088,23,1
412,AC,0.599,16.9,1729,19,0
216,AC,0.972,5.5,178,34,1
225,TV,0.634,14.3,299,17,1
207,Set-top box,0.29,6.4,2462,2,0
116,TV,0.209,6.4,3362,30,1
206,AC,0.914,10.3,3927,7,1
218,AC,0.876,21.0,3111,5,1
222,Set-top box,0.296,13.5,3152,42,0
427,AC,0.64,14.5,1502,39,1
429,TV,0.118,16.8,120,27,1
301,AC,0.258,15.0,2833,29,1
121,AC,0.487,8.1,4569,6,1
424,TV,0.511,15.3,3117,6,1
204,TV,0.682,15.1,3175,4,1
325,Set-top box,0.394,11.4,1648,1,1
309,Set-top box,0.283,4.0,1900,18,0
321,TV,0.283,11.4,536,30,1
426,TV,0.246,6.3,2435,2,0
306,Set-top box,0.199,12.3,2559,7,1
326,Set-top box,0.242,11.0,2157,49,1
125,AC,0.937,8.7,3607,26,0
424,Set-top box,0.471,14.4,2518,1,1
215,Set-top box,0.314,16.5,2730,12,1
120,TV,0.686,14.2,2698,26,0
214,AC,0.368,4.0,416,15,1
202,Set-top box,0.228,9.9,2821,5,1
127,TV,0.2,11.3,817,19,1
109,TV,0.455,10.9,751,21,1
307,Set-top box,0.107,6.5,2641,36,0
225,AC,0.708,3.8,4279,13,1
416,Set-top box,0.477,4.8,73,44,1
215,AC,0.914,19.0,521,22,1
413,AC,0.665,7.7,3872,33,1
127,TV,0.325,1.6,877,29,1
111,TV,0.503,15.8,1052,23,1
413,TV,0.303,4.9,1882,28,1
425,AC,0.226,4.5,816,33,1
117,TV,0.213,4.6,3424,13,0
303,TV,0.18,7.5,3511,30,1
402,TV,0.11,2.8,2538,9,0
227,AC,0.879,8.3,1436,37,1
108,AC,0.847,5.3,3635,2,1
212,Set-top box,0.494,2.6,2189,50,1
222,AC,0.745,19.2,1059,27,1
210,AC,0.436,12.0,4528,5,0
202,TV,0.284,4.6,371,13,0
119,AC,0.715,5.1,3894,31,0
212,TV,0.632,11.0,3056,13,1
321,AC,0.814,10.0,1171,21,1
428,TV,0.145,2.0,2008,18,0
421,AC,0.437,16.5,514,34,1
127,AC,0.878,7.2,4761,39,1
301,AC,0.433,2.4,607,20,0
106,Set-top box,0.468,15.1,1145,1,1
302,AC,0.922,4.6,4473,23,0
227,TV,0.681,10.4,3093,25,1
406,TV,0.431,17.4,495,0,0
330,Set-top box,0.17,3.6,2831,32,0
320,TV,0.654,5.0,2278,12,1
114,TV,0.172,15.6,2892,4,0
302,AC,0.795,16.3,2362,39,1
213,Set-top box,0.467,2.6,1990,11,0
104,Set-top box,0.47,8.2,2280,14,1
214,Set-top box,0.124,2.0,3095,18,0
319,TV,0.61,16.3,722,21,1
430,Set-top box,0.37,6.8,1461,11,0
213,TV,0.536,5.8,3830,6,0
318,AC,0.303,17.6,197,2,0
111,Set-top box,0.5,9.1,1043,44,1
103,TV,0.232,8.4,168,12,0
428,Set-top box,0.416,6.7,1373,11,0
429,AC,0.855,12.2,3498,11,1
321,TV,0.242,11.9,3432,28,0
404,AC,0.407,8.5,3227,14,1
122,TV,0.255,7.5,3280,7,0
217,Set-top box,0.109,5.9,2603,27,1
404,TV,0.289,16.3,282,5,0
430,TV,0.129,10.8,2683,7,0
423,TV,0.426,10.8,626,13,1
202,TV,0.501,13.8,3254,3,0
119,TV,0.533,2.8,2552,6,1
427,Set-top box,0.388,4.5,3392,12,1
421,Set-top box,0.446,13.1,2077,16,1
408,AC,0.623,16.9,2473,7,0
318,AC,0.526,5.4,1341,13,0
309,AC,0.738,19.8,4492,26,1
327,TV,0.569,2.2,175,11,0
228,Set-top box,0.072,10.7,931,48,0
116,Set-top box,0.378,5.5,1203,19,1
126,TV,0.327,7.5,3196,5,0
118,TV,0.236,15.9,1328,4,1
311,AC,0.913,13.3,130,7,1
216,TV,0.112,15.1,3177,26,1
321,TV,0.294,9.2,2187,6,0
422,TV,0.221,17.3,559,0,1
207,TV,0.594,7.1,451,4,0
323,Set-top box,0.168,5.0,3196,35,1
316,Set-top box,0.394,14.3,3225,42,1
120,TV,0.478,8.4,119,12,0
204,Set-top box,0.253,5.2,2437,43,1
327,AC,0.801,20.3,78,23,1
125,Set-top box,0.268,11.2,410,11,0
428,AC,0.725,6.1,2291,34,1
106,Set-top box,0.229,13.4,1330,27,1
323,TV,0.151,9.6,1723,14,1
211,AC,0.261,4.1,2720,26,1
227,Set-top box,0.411,8.8,727,29,1
414,AC,0.459,11.2,1533,24,1
303,TV,0.611,3.5,1443,17,1
226,TV,0.529,9.1,1351,13,1
413,TV,0.311,15.7,2100,1,1
115,AC,0.819,8.2,757,35,1
118,AC,0.92,15.1,1870,22,1
230,AC,0.67,12.0,4337,23,1
213,AC,0.289,8.8,4901,12,0
115,Set-top box,0.167,17.8,177,25,0
108,TV,0.35,12.3,400,16,0
319,TV,0.165,10.3,374,14,1
411,AC,0.622,8.4,3586,11,1
412,TV,0.352,13.6,1599,17,1
303,AC,0.704,8.6,2444,26,1
420,Set-top box,0.238,4.4,827,38,0
424,TV,0.146,14.9,3592,17,1
304,Set-top box,0.428,2.7,2179,5,0
206,AC,0.582,15.8,4980,31,1
407,AC,0.444,18.3,4564,15,1
211,Set-top box,0.106,5.0,1805,48,1
401,AC,0.506,18.1,3579,13,0
411,AC,0.423,7.4,3630,17,1
406,AC,0.739,19.7,1719,13,0
409,AC,0.503,10.0,3653,5,1
121,AC,0.608,9.9,4163,0,0
303,TV,0.156,13.1,3796,28,1
204,TV,0.331,11.9,2919,11,0
310,AC,0.725,13.6,999,35,1
414,AC,0.318,11.0,4596,33,1
128,AC,0.677,8.5,849,28,1
219,AC,0.967,21.9,2031,35,0
416,AC,0.327,16.8,4416,17,1
204,TV,0.288,2.4,696,7,0
306,AC,0.451,20.0,1713,9,0
314,AC,0.731,11.9,4802,13,1
201,TV,0.518,15.3,1873,14,1
221,AC,0.398,4.2,192,36,1
106,AC,0.395,4.5,4675,13,1
305,AC,0.208,15.9,392,28,1
214,TV,0.163,16.7,769,16,0
126,Set-top box,0.391,15.3,315,18,1
121,AC,0.489,11.4,3774,2,1
119,AC,0.53,13.1,51,5,0
115,AC,0.495,21.4,1650,34,1
205,AC,0.244,5.7,3902,16,1
301,AC,0.898,8.5,4463,31,1
330,TV,0.529,11.1,3879,26,1
420,Set-top box,0.345,1.5,1912,43,1
213,AC,0.984,8.4,3040,8,1
219,AC,0.458,3.9,260,27,1
325,TV,0.657,16.1,232,11,1
126,TV,0.678,4.2,1850,12,0
112,Set-top box,0.116,3.8,1180,26,1
212,AC,0.955,4.9,2076,38,1
408,TV,0.663,15.3,2569,23,1
209,AC,0.245,3.0,3174,25,1
227,Set-top box,0.309,8.4,1685,30,0
118,AC,0.667,20.9,633,30,0
204,Set-top box,0.381,5.4,2865,37,1
105,AC,0.664,15.2,1267,28,1
303,TV,0.391,6.7,1843,28,1
421,AC,0.67,2.2,1822,37,1
430,TV,0.105,3.6,1762,3,0
125,AC,0.296,17.4,4984,0,1
107,Set-top box,0.22,3.8,3455,44,1
305,TV,0.235,11.7,1425,21,0
121,AC,0.335,8.3,1864,27,1
304,Set-top box,0.186,4.2,2252,3,0
301,Set-top box,0.442,16.5,240,34,1
126,AC,0.81,14.2,2236,38,1
428,AC,0.23,21.9,4509,5,1
112,TV,0.37,4.9,2315,30,1
106,AC,0.951,7.6,3085,13,1
214,Set-top box,0.479,8.2,1602,10,1
101,Set-top box,0.157,12.4,927,34,1
429,AC,0.289,9.0,1371,8,0
220,AC,0.873,10.1,4420,33,1
228,AC,0.564,11.7,3340,27,1
126,Set-top box,0.325,12.8,2486,36,1
330,AC,0.581,2.0,1505,35,1
212,TV,0.527,7.5,2942,18,0
322,TV,0.587,13.8,453,4,0
326,AC,0.995,10.2,2205,10,0
109,AC,0.614,8.1,1376,20,0
206,Set-top box,0.098,11.4,3253,6,0
202,TV,0.108,9.8,1577,24,1
222,AC,0.986,18.4,4528,16,1
424,AC,0.54,7.3,4331,10,1
324,TV,0.15,8.6,141,23,0
110,AC,0.986,17.4,1748,31,1
102,TV,0.645,1.9,2648,13,1
201,AC,0.391,4.3,3969,37,0
325,TV,0.449,12.8,2300,14,1
313,Set-top box,0.38,14.0,3277,19,1
219,Set-top box,0.194,4.4,3337,31,1
407,Set-top box,0.273,8.2,1158,34,0
202,Set-top box,0.241,9.7,1719,7,0
106,Set-top box,0.462,1.9,1228,38,1
306,Set-top box,0.35,6.4,2134,7,1
111,Set-top box,0.281,9.5,453,46,1
229,AC,0.812,17.0,2375,35,1
226,TV,0.612,11.3,3356,23,0
105,AC,0.301,21.3,2769,6,0
414,Set-top box,0.143,2.0,771,11,0
106,Set-top box,0.415,10.5,2452,35,1
408,TV,0.457,6.8,983,18,1
302,TV,0.654,6.7,3705,5,1
319,TV,0.395,11.6,1992,29,1
419,AC,0.295,19.5,4719,28,0
225,Set-top box,0.177,1.4,2636,49,1
216,Set-top box,0.13,10.0,2506,11,0
210,Set-top box,0.369,9.1,2522,36,0
315,TV,0.137,16.1,294,23,1
129,Set-top box,0.079,14.9,517,31,1
215,TV,0.595,3.2,3972,3,1
223,Set-top box,0.129,15.8,2736,3,1
403,TV,0.28,17.8,3545,10,1
101,Set-top box,0.315,4.9,952,0,0
326,Set-top box,0.46,13.3,1362,15,1
406,TV,0.405,17.5,1480,28,1
307,TV,0.464,9.5,1832,30,0
327,AC,0.37,4.9,416,7,1
324,Set-top box,0.302,2.7,633,10,0
413,AC,0.58,4.3,926,31,1
129,AC,0.209,20.5,3726,24,1
214,Set-top box,0.436,17.1,1715,49,1
228,AC,0.476,11.4,3278,13,0
405,AC,0.902,18.7,2546,32,1
225,TV,0.669,11.4,1400,4,0
312,AC,0.572,9.7,3600,4,0
320,AC,0.501,4.9,1450,11,0
210,AC,0.44,18.4,3358,25,1
401,AC,0.769,15.2,4726,24,1
316,Set-top box,0.102,16.5,2694,18,0
130,AC,0.822,2.3,4039,5,1
319,AC,0.884,18.7,1395,30,1
305,AC,0.908,6.0,758,35,1
212,TV,0.364,16.5,497,27,1
225,AC,0.436,4.2,1032,28,0
207,AC,0.695,10.8,2878,25,1
403,AC,0.445,12.9,3615,31,1
422,AC,0.648,9.9,106,23,0
207,AC,0.274,13.0,4320,21,1
404,TV,0.202,1.5,1159,22,0
305,TV,0.126,1.2,675,10,0
317,AC,0.781,12.4,2569,26,1
408,TV,0.565,9.3,2651,22,1
415,TV,0.644,14.7,1459,27,0
310,AC,0.888,18.0,1595,30,1
222,AC,0.76,6.0,3985,18,1
422,Set-top box,0.166,7.5,585,6,0
422,AC,0.841,3.8,2223,15,0
217,AC,0.851,5.0,1544,30,1
210,Set-top box,0.161,6.6,2381,31,1
308,Set-top box,0.238,1.4,3205,2,0
426,AC,0.847,18.3,951,35,1
226,AC,0.912,13.3,1409,9,1
419,AC,0.812,15.8,394,22,1
208,Set-top box,0.498,5.7,2835,33,1
330,Set-top box,0.365,16.8,394,36,1
409,Set-top box,0.171,6.4,1486,7,0
310,AC,0.362,8.0,3250,0,0
412,AC,0.209,16.7,3615,20,1
217,TV,0.133,7.3,1787,6,0
413,AC,0.692,21.5,1316,8,0
411,TV,0.634,13.3,1050,30,1
307,Set-top box,0.319,3.0,3054,3,0
312,AC,0.8,11.0,4886,8,1
226,TV,0.32,14.0,3876,8,1
221,TV,0.103,7.0,3466,0,1
117,Set-top box,0.341,11.2,84,14,0
417,TV,0.189,9.1,2899,5,0
230,TV,0.305,12.5,2110,9,0
105,TV,0.117,6.5,279,9,0
223,TV,0.136,15.5,1622,15,1
326,TV,0.581,2.1,3261,12,0
214,TV,0.52,15.7,2309,8,0
307,AC,0.74,8.4,3011,38,1
323,AC,0.51,17.3,1117,13,0
218,AC,0.463,8.3,5000,31,1
126,AC,0.713,16.1,365,33,1
318,AC,0.629,20.8,401,23,1
424,TV,0.368,6.5,1112,2,0
202,TV,0.591,16.7,2014,11,1
418,TV,0.423,8.0,2106,27,0
125,Set-top box,0.058,12.6,1505,40,1
104,TV,0.37,11.1,1242,1,0
206,TV,0.392,17.9,3264,11,1
401,Set-top box,0.355,12.8,1733,50,1
103,TV,0.643,10.9,2898,0,0
108,TV,0.517,11.7,3373,4,1
201,TV,0.404,12.0,1260,15,0
417,Set-top box,0.354,14.7,241,24,1
103,Set-top box,0.468,10.8,1587,25,0
122,Set-top box,0.476,12.6,828,31,1
209,TV,0.187,9.0,2521,10,0
315,AC,0.529,15.2,2303,28,1
205,TV,0.173,7.4,3855,30,1
212,TV,0.498,3.7,528,24,1
130,TV,0.232,9.0,2034,1,0
203,Set-top box,0.157,3.5,163,15,0
128,AC,0.503,11.9,553,5,0
303,Set-top box,0.363,4.7,975,28,1
414,AC,0.575,2.7,579,28,1
105,AC,0.606,18.4,2367,19,0
202,AC,0.812,11.9,596,38,1
221,AC,0.211,9.1,2783,33,1
330,Set-top box,0.244,17.7,2855,19,1
423,Set-top box,0.08,11.3,2492,31,0
312,AC,0.571,10.3,470,15,0
403,AC,0.376,6.0,4873,24,0
112,TV,0.328,14.3,681,23,1
419,AC,0.899,18.5,2278,32,1
424,TV,0.264,14.6,2270,20,1
422,TV,0.117,14.6,64,6,0
119,TV,0.658,7.7,1922,26,1
123,TV,0.476,3.2,3484,5,1
104,AC,0.961,15.8,1619,13,0
419,TV,0.345,4.2,1462,12,0
417,AC,0.556,7.3,2239,4,0
104,AC,0.861,13.8,2690,15,0
213,TV,0.499,14.6,2929,1,0
110,AC,0.837,16.5,268,38,1
325,AC,0.614,21.9,1905,20,1
304,TV,0.652,16.9,3853,21,1
330,TV,0.178,2.6,1424,28,1
322,TV,0.464,17.0,3674,14,1
406,AC,0.237,18.2,2263,15,0
203,Set-top box,0.424,2.1,883,26,1
426,Set-top box,0.197,15.1,738,18,0
218,Set-top box,0.239,10.3,730,38,1
204,TV,0.634,16.6,2636,10,0
421,Set-top box,0.219,5.5,3102,23,1
108,Set-top box,0.066,2.1,3238,41,1
306,Set-top box,0.27,5.5,1892,42,1
426,Set-top box,0.067,6.4,1098,20,0
417,AC,0.601,9.8,2143,28,1
319,AC,0.586,10.5,1243,12,0
406,Set-top box,0.29,5.2,2887,19,1
414,Set-top box,0.129,2.8,1790,37,1
121,Set-top box,0.13,16.3,2506,2,0
115,TV,0.38,7.9,2245,11,0
428,Set-top box,0.278,17.7,2498,14,0
408,AC,0.407,11.1,2255,30,1
408,AC,0.298,15.8,3397,20,1
117,Set-top box,0.37,16.2,1273,12,1
304,Set-top box,0.09,16.2,3113,36,1
313,AC,0.997,3.6,373,39,1
305,AC,0.531,7.6,1602,31,1
126,AC,0.987,2.8,3223,33,1
113,Set-top box,0.234,9.4,2958,28,1
205,AC,0.776,5.0,2913,5,1
411,TV,0.103,9.8,2391,24,1
328,Set-top box,0.359,4.0,2646,1,0
301,AC,0.672,13.5,4652,5,1
311,TV,0.115,16.9,1049,20,1
120,Set-top box,0.297,5.9,325,16,1
428,AC,0.877,3.6,949,11,0
414,Set-top box,0.313,14.7,816,1,0
223,Set-top box,0.069,13.2,299,45,0
114,AC,0.758,19.0,4428,25,1
106,TV,0.559,4.5,934,26,0
228,Set-top box,0.386,13.3,3092,5,0
427,TV,0.24,4.5,2427,22,1
407,Set-top box,0.379,11.5,2326,20,0
308,AC,0.62,14.8,3293,9,0
412,TV,0.672,7.7,65,16,1
205,AC,0.938,14.7,3654,3,1
410,Set-top box,0.1,1.6,483,6,0
105,TV,0.358,5.2,1737,18,0
224,Set-top box,0.482,10.2,3322,12,1
310,AC,0.637,13.1,3964,4,0
401,AC,0.301,5.5,2389,23,1
229,Set-top box,0.215,12.2,631,15,0
319,Set-top box,0.336,7.8,537,29,1
419,TV,0.173,5.3,757,1,0
325,TV,0.128,16.6,1586,21,0
328,TV,0.655,17.6,878,25,1
327,Set-top box,0.487,3.0,2043,29,1
303,AC,0.673,15.3,901,31,1
229,Set-top box,0.181,17.1,698,36,1
125,Set-top box,0.491,9.6,2956,6,0
120,AC,0.557,20.1,2047,2,0
408,TV,0.452,1.5,201,3,1
228,Set-top box,0.174,8.9,3286,40,1
215,AC,0.886,7.8,4007,18,1
224,AC,0.858,10.3,3543,18,1
325,TV,0.166,11.4,3008,19,1
101,AC,0.472,5.1,2807,6,1
408,Set-top box,0.432,2.9,385,36,1
411,AC,0.784,4.6,1666,20,0
205,AC,0.594,8.8,3884,8,1
201,Set-top box,0.292,8.6,2800,5,0
230,AC,0.962,12.1,2273,35,0
312,Set-top box,0.477,12.3,3224,20,0
116,TV,0.31,14.4,3000,0,1
313,AC,0.882,15.3,3922,28,1
322,TV,0.211,11.8,1665,29,1
419,TV,0.535,17.0,3968,25,1
103,AC,0.437,4.5,3494,24,1
404,Set-top box,0.167,16.0,1944,46,1
404,Set-top box,0.076,14.8,3008,26,0
321,Set-top box,0.373,8.9,149,34,1
320,AC,0.687,7.8,4528,1,0
319,Set-top box,0.488,2.6,1178,18,0
318,TV,0.648,13.5,2215,4,1
429,TV,0.434,1.7,3159,14,1
129,Set-top box,0.342,1.2,2641,3,0
202,AC,0.453,18.9,2516,17,0
314,AC,0.945,16.6,1434,18,1
324,Set-top box,0.269,12.5,3361,44,1
419,TV,0.467,7.3,3248,13,1
313,AC,0.938,17.8,3251,31,1
116,Set-top box,0.304,3.6,2902,42,1
105,TV,0.698,13.7,1827,3,0
306,AC,0.66,18.0,1284,26,1
406,Set-top box,0.23,7.5,749,39,0
410,AC,0.871,7.4,4678,13,1
319,Set-top box,0.156,4.5,1074,6,0
213,Set-top box,0.184,3.1,1382,4,0
315,TV,0.334,3.7,953,14,0
424,Set-top box,0.071,11.0,948,30,0
409,Set-top box,0.394,5.7,2563,32,1
407,TV,0.208,11.4,1408,7,0
123,Set-top box,0.236,15.5,797,8,0
313,TV,0.215,2.1,178,26,0
430,AC,0.921,5.5,2519,32,1
401,AC,0.499,16.4,3079,29,1
403,Set-top box,0.303,3.5,245,37,1
429,Set-top box,0.461,11.9,152,43,0
421,TV,0.328,5.0,3374,13,1
420,AC,0.695,19.0,844,0,1
329,TV,0.508,13.2,3967,6,1
314,Set-top box,0.095,7.9,216,19,0
119,Set-top box,0.14,13.8,709,18,0
106,AC,0.96,19.1,863,23,1
305,Set-top box,0.257,13.1,2267,14,0
315,AC,0.886,4.9,3238,22,1
327,TV,0.643,7.7,1569,9,0
213,TV,0.376,3.5,3912,9,0
317,Set-top box,0.1,3.2,2496,33,0
126,TV,0.637,16.0,419,8,1
227,AC,0.355,14.3,186,21,0
123,Set-top box,0.235,10.5,1666,15,0
412,TV,0.574,6.0,1963,26,1
118,AC,0.773,17.6,4044,21,1
429,Set-top box,0.469,16.4,3416,46,1
420,AC,0.82,8.3,588,0,0
402,Set-top box,0.07,6.4,2379,4,0
322,TV,0.11,17.6,1017,29,1
207,Set-top box,0.289,17.4,1176,50,1
401,TV,0.285,13.2,278,14,0
319,Set-top box,0.35,3.9,814,4,1
102,TV,0.126,6.7,585,20,0
215,TV,0.538,11.4,822,27,1
209,TV,0.326,7.8,3433,0,0
410,Set-top box,0.132,11.9,1496,20,1
415,TV,0.443,1.6,972,5,0
107,TV,0.586,12.1,1366,19,1
117,AC,0.263,20.1,334,32,1
114,TV,0.412,8.6,83,22,1
429,TV,0.366,3.5,3188,20,1
304,AC,0.596,4.4,779,6,0
101,Set-top box,0.493,14.7,1030,3,1
324,TV,0.402,11.0,1236,29,1
217,Set-top box,0.475,1.1,1510,48,1
419,TV,0.339,17.4,3935,29,1
226,AC,0.722,8.4,4006,32,1
415,AC,0.325,9.0,4555,20,1
420,AC,0.673,12.3,1634,13,0
113,AC,0.235,21.7,3323,21,0
405,TV,0.423,15.5,228,8,0
319,AC,0.201,15.4,4259,27,1
125,Set-top box,0.459,14.1,2737,36,0
126,TV,0.524,13.4,2145,19,0
115,Set-top box,0.339,14.6,1070,40,0
404,AC,0.755,18.0,3296,34,1
105,TV,0.522,2.7,731,22,1
408,AC,0.899,3.4,1696,15,0
202,AC,0.932,6.0,3177,18,1
312,Set-top box,0.415,6.8,3031,23,0
317,AC,0.993,9.4,451,23,1
417,Set-top box,0.341,8.3,943,32,0
117,AC,0.559,21.0,1419,13,0
318,AC,0.987,18.6,2428,2,1
316,Set-top box,0.449,7.4,2657,21,1
321,Set-top box,0.107,11.3,3495,41,1
418,AC,0.487,13.3,3478,28,1
218,Set-top box,0.201,16.7,1929,27,1
109,Set-top box,0.327,15.3,2481,21,1
427,AC,0.784,13.7,2971,15,1
110,AC,0.649,22.0,3968,33,1
203,Set-top box,0.093,6.7,325,36,0
409,Set-top box,0.212,9.7,3049,14,1
422,AC,0.307,13.3,3366,18,1
112,Set-top box,0.302,17.9,1044,36,1
420,TV,0.261,7.5,1097,1,0
302,AC,0.375,4.6,1218,14,0
212,Set-top box,0.087,8.3,2000,42,0
406,Set-top box,0.235,11.0,1297,4,0
202,TV,0.126,2.8,3298,21,1
109,AC,0.489,6.5,1696,8,0
407,Set-top box,0.455,2.0,3085,15,1
227,TV,0.215,13.8,593,9,1
101,TV,0.459,9.3,508,29,1
121,Set-top box,0.22,3.2,117,12,0
405,Set-top box,0.286,5.2,1334,33,1
321,Set-top box,0.413,2.8,597,12,0
411,Set-top box,0.322,12.0,2893,16,1
113,AC,0.222,16.5,1767,28,1
213,Set-top box,0.495,3.5,1799,43,1
406,Set-top box,0.321,12.4,2623,40,1
110,TV,0.678,6.5,2695,1,0
107,Set-top box,0.352,15.1,3076,43,0
111,TV,0.213,15.9,3185,3,1
111,TV,0.291,8.1,661,9,0
117,AC,0.281,7.7,4437,22,0
103,TV,0.546,9.1,1111,24,1
207,TV,0.548,17.0,1562,29,0
423,Set-top box,0.07,12.2,1820,0,0
210,TV,0.119,3.4,3952,10,0
317,TV,0.255,6.4,2953,3,0
229,AC,0.279,13.6,3475,26,1
213,Set-top box,0.345,10.8,1859,44,1
207,AC,0.76,10.9,1730,34,1
111,TV,0.244,2.1,2482,1,0
207,Set-top box,0.423,15.3,2423,28,1
313,Set-top box,0.071,2.3,3340,17,1
121,Set-top box,0.244,8.2,227,44,1
401,AC,0.563,13.7,2247,40,1
430,TV,0.116,2.5,1950,17,0
208,Set-top box,0.213,13.9,3004,14,1
221,Set-top box,0.19,17.8,76,31,1
302,TV,0.664,17.4,2117,5,1
422,AC,0.315,16.1,3974,13,0
105,TV,0.682,6.8,2887,12,1
116,TV,0.573,10.8,3155,21,1
229,AC,0.482,6.4,4959,17,1
419,TV,0.296,11.3,3105,6,0
309,TV,0.357,11.0,2009,20,0
226,TV,0.463,9.0,912,29,1
116,Set-top box,0.122,2.3,431,21,0
110,AC,0.213,8.6,947,26,0
312,AC,0.442,6.9,184,14,0
410,TV,0.202,16.9,670,24,1
104,Set-top box,0.322,1.4,987,43,1
126,Set-top box,0.249,11.2,76,15,0
107,AC,0.661,13.5,3471,18,1
108,AC,0.769,12.3,1071,18,1
101,TV,0.508,11.1,1626,12,0
223,Set-top box,0.426,15.4,1867,29,1
124,TV,0.32,1.0,2663,16,1
401,Set-top box,0.245,16.4,3316,29,1
425,Set-top box,0.451,8.1,1903,29,1
219,AC,0.904,7.3,3447,15,1
301,TV,0.404,10.8,2165,3,0
409,AC,0.21,18.7,2658,12,1
429,TV,0.637,2.7,1228,29,0
227,TV,0.479,15.1,200,30,1
427,AC,0.61,10.6,2242,11,0
405,TV,0.261,8.7,2089,15,0
127,TV,0.22,5.9,2230,10,0
419,Set-top box,0.488,14.9,2708,23,1
318,AC,0.605,3.5,3746,17,1
315,AC,0.306,6.4,972,36,1
126,AC,0.504,8.3,4735,38,1
401,AC,0.97,7.6,3825,11,0
117,Set-top box,0.123,10.7,927,14,0
208,Set-top box,0.079,3.2,316,8,0
426,AC,0.201,21.9,3278,15,1
129,TV,0.562,6.5,713,24,1
214,Set-top box,0.256,8.5,1499,29,0
418,AC,0.746,10.9,3385,25,1
311,TV,0.274,4.9,2509,28,1
316,AC,0.251,20.0,3930,24,1
402,Set-top box,0.124,9.3,2031,14,1
215,AC,0.778,10.0,122,6,0
310,Set-top box,0.416,17.7,63,4,1
216,Set-top box,0.169,16.4,3321,4,0
423,Set-top box,0.171,10.8,2441,49,1
429,Set-top box,0.305,1.8,1270,22,0
326,Set-top box,0.222,5.3,1146,8,0
314,TV,0.576,8.4,3356,16,1
414,Set-top box,0.427,7.9,2316,14,1
222,TV,0.222,14.8,3708,0,1
120,TV,0.451,12.9,347,11,0
205,AC,0.577,9.1,4950,2,1
117,AC,0.319,13.8,870,6,0
330,TV,0.687,2.3,1272,12,0
306,AC,0.557,8.8,1485,18,0
208,Set-top box,0.177,16.7,1515,12,1
402,AC,0.319,5.0,3676,14,0
403,TV,0.456,13.2,784,11,0
223,TV,0.619,14.3,3853,23,1
229,AC,0.512,10.1,4730,5,0
429,AC,0.313,11.4,1430,12,0
208,AC,0.622,9.6,795,7,0
412,AC,0.535,6.4,2506,24,0
323,Set-top box,0.372,13.9,2947,40,1
302,AC,0.57,13.8,4284,36,0
326,AC,0.956,5.1,3715,18,1
218,TV,0.37,15.2,564,20,1
209,AC,0.463,3.3,842,1,0
415,AC,0.423,10.9,2029,35,1
413,AC,0.862,14.5,455,5,1
304,TV,0.209,4.7,1464,3,0
314,AC,0.463,12.9,1690,0,0
125,TV,0.516,2.9,1893,15,1
106,Set-top box,0.366,6.3,1441,22,1
420,TV,0.592,10.4,2853,30,1
106,TV,0.465,2.1,1176,19,0
102,TV,0.124,7.1,2843,7,0
317,AC,0.217,19.6,1119,23,1
128,TV,0.656,10.8,187,1,0
313,AC,0.76,3.9,1883,18,1
113,TV,0.283,4.1,2890,4,0
108,Set-top box,0.477,7.3,3175,4,1
118,TV,0.587,1.3,968,23,0
423,Set-top box,0.2,1.8,2554,47,1
230,Set-top box,0.248,5.7,354,15,0
116,AC,0.825,8.9,4683,32,1
121,Set-top box,0.289,13.8,431,30,1
417,Set-top box,0.133,8.0,1997,36,1
330,Set-top box,0.458,8.8,3134,2,1
301,Set-top box,0.283,3.6,3365,42,1
121,Set-top box,0.459,12.6,3435,9,1
110,AC,0.82,9.6,2034,2,0
317,Set-top box,0.334,4.4,937,8,0
215,AC,0.232,9.9,2763,2,0
328,AC,0.862,7.6,3900,11,1
430,Set-top box,0.111,4.4,2041,7,0
306,Set-top box,0.112,16.6,382,11,1
104,Set-top box,0.271,2.6,1475,26,1
324,TV,0.424,8.1,1361,15,0
103,TV,0.292,10.2,616,4,0
215,TV,0.176,6.9,105,24,1
218,AC,0.579,7.1,3671,8,0
114,Set-top box,0.179,13.1,3192,26,1
416,TV,0.105,2.8,801,11,0
117,AC,0.75,20.7,4741,15,1
124,AC,0.836,13.7,3292,15,1
204,AC,0.819,8.3,4836,24,1
207,TV,0.399,8.2,1852,22,0
427,AC,0.386,10.1,804,21,0
206,Set-top box,0.069,2.8,2630,7,0
307,TV,0.668,4.7,117,12,1
310,AC,0.902,15.3,3938,25,1
426,TV,0.28,13.8,3968,7,1
222,AC,0.765,9.8,564,11,0
130,TV,0.126,13.6,3838,17,1
430,Set-top box,0.25,14.3,534,39,1
307,Set-top box,0.117,6.5,2217,31,1
104,AC,0.274,6.4,2043,19,0
103,Set-top box,0.408,10.6,218,22,1
219,TV,0.226,8.1,3694,10,0
223,TV,0.132,16.3,2939,30,1
206,TV,0.541,14.5,3325,27,1
213,Set-top box,0.454,4.6,3344,47,1
406,TV,0.561,4.0,1913,3,0
309,Set-top box,0.269,16.4,1995,16,0
108,TV,0.458,1.3,2160,18,1
224,Set-top box,0.448,5.9,1112,38,1
315,AC,0.821,5.8,4535,15,1
323,Set-top box,0.095,17.4,2617,37,1
314,AC,0.474,12.4,4431,12,1
313,TV,0.57,17.2,1753,2,1
304,Set-top box,0.232,7.1,2017,42,1
320,AC,0.95,15.7,3367,36,1
307,TV,0.598,15.5,1187,7,1
309,TV,0.1,14.5,2116,25,1
425,AC,0.858,7.3,2599,23,0
327,TV,0.468,16.7,2472,8,0
417,AC,0.581,10.4,309,27,0
416,TV,0.28,3.9,1734,6,0
428,Set-top box,0.405,2.4,2659,31,1
318,Set-top box,0.229,3.0,3178,26,0
118,AC,0.897,10.4,2764,23,1
326,TV,0.596,5.3,2977,20,1
322,TV,0.204,16.0,1136,24,1
329,AC,0.808,16.0,465,5,1
304,TV,0.648,11.2,2401,5,0
110,TV,0.263,2.9,3084,18,1
210,TV,0.118,3.4,3628,4,1
329,Set-top box,0.286,3.1,2396,31,1
223,Set-top box,0.054,1.6,1519,30,0
224,Set-top box,0.475,2.6,1267,31,1
206,AC,0.513,8.7,891,40,1
126,TV,0.561,8.6,2615,5,1
428,Set-top box,0.201,6.6,1733,38,1
126,Set-top box,0.117,12.1,200,9,0
109,Set-top box,0.158,10.9,249,3,0
430,TV,0.64,7.5,909,15,0
127,TV,0.503,5.6,695,8,1
116,AC,0.667,6.7,1357,6,0
321,TV,0.271,9.8,2576,12,0
102,TV,0.167,17.1,2880,28,1
424,Set-top box,0.332,3.9,3436,35,1
101,AC,0.864,14.4,3012,36,1
207,AC,0.905,3.7,4452,21,1
311,Set-top box,0.129,2.9,1066,10,0
402,Set-top box,0.472,12.2,1558,5,1
328,TV,0.635,4.6,3661,25,1
124,TV,0.265,15.1,3795,27,1
229,AC,0.668,14.5,4677,27,1
126,TV,0.155,13.0,2647,11,1
224,AC,0.727,12.4,2646,17,1
402,AC,0.211,4.5,3297,6,0
123,AC,0.749,18.3,2261,15,1
122,AC,0.445,8.9,3311,8,0
323,Set-top box,0.308,6.4,2784,45,1
326,TV,0.507,3.8,745,0,0
425,AC,0.752,2.3,4038,28,1
329,AC,0.694,2.6,2364,2,0
201,TV,0.179,14.4,753,25,1
412,AC,0.224,16.5,1489,12,0
211,Set-top box,0.476,13.6,1396,8,1
324,AC,0.399,18.6,2690,27,1
102,TV,0.193,5.8,912,22,1
123,Set-top box,0.24,5.1,3181,39,1
326,Set-top box,0.415,15.7,2500,34,1
413,Set-top box,0.166,14.3,1205,13,0
408,TV,0.463,5.4,1590,20,0
102,TV,0.282,17.7,3355,20,1
205,Set-top box,0.215,4.4,1874,24,0
326,AC,0.58,12.3,3294,30,1
410,AC,0.254,18.9,1955,5,0
101,Set-top box,0.283,3.1,970,4,0
214,TV,0.166,10.3,320,10,0
120,TV,0.325,14.6,1875,15,1
318,TV,0.482,10.7,651,10,0
225,TV,0.112,13.3,3336,12,1
308,TV,0.325,7.6,3469,6,0
405,AC,0.217,5.3,3115,39,1
123,Set-top box,0.054,2.5,110,31,1
229,AC,0.514,19.2,4103,29,1
130,Set-top box,0.364,11.4,2406,50,1
424,Set-top box,0.438,17.3,2856,30,1
308,TV,0.503,14.1,888,5,1
113,Set-top box,0.3,9.3,624,11,0
426,Set-top box,0.49,12.8,1422,44,1
217,TV,0.401,13.1,1785,29,1
211,TV,0.475,16.9,1668,30,1
412,Set-top box,0.421,5.1,632,6,0
418,Set-top box,0.24,12.4,1133,17,0
319,AC,0.96,14.8,1226,3,0
310,Set-top box,0.226,13.2,2377,29,1
328,AC,0.659,21.5,1508,29,0
203,TV,0.495,8.2,2158,28,1
325,AC,0.985,2.9,2134,20,1
129,Set-top box,0.434,6.8,3495,29,1
208,AC,0.525,3.7,4149,13,0
303,AC,0.71,19.3,2345,17,0
404,Set-top box,0.261,3.5,2121,4,0
128,TV,0.185,13.4,3569,24,1
102,AC,0.451,3.0,3955,32,0
207,Set-top box,0.302,3.1,2341,5,0
426,TV,0.315,2.9,2903,25,1
208,Set-top box,0.164,10.5,1909,0,0
421,AC,0.998,4.6,3387,11,1
329,AC,0.469,14.3,1477,34,1
410,Set-top box,0.229,3.4,791,13,0
318,Set-top box,0.418,5.8,62,22,0
318,TV,0.161,7.3,2880,22,1
219,Set-top box,0.27,16.0,1785,38,1
409,AC,0.462,12.7,877,32,1
301,AC,0.798,2.5,1026,26,1
113,AC,0.975,16.0,4448,38,1
108,Set-top box,0.246,11.9,3291,3,1
412,Set-top box,0.497,7.9,3220,1,1
302,AC,0.679,12.5,1345,6,1
328,Set-top box,0.201,2.4,1676,10,0
326,AC,0.958,5.5,1097,7,0
429,Set-top box,0.259,10.9,522,42,1
126,Set-top box,0.13,8.7,2421,23,0
426,Set-top box,0.427,3.4,1802,37,1
429,TV,0.372,13.5,2625,4,0
129,Set-top box,0.327,2.1,880,27,1
222,TV,0.47,7.9,234,0,0
130,Set-top box,0.379,13.5,1060,15,1
403,Set-top box,0.239,11.3,2003,46,0
419,AC,0.641,7.3,3747,25,1
428,TV,0.159,12.9,403,25,1
216,AC,0.607,13.2,3246,25,1
214,TV,0.307,13.6,3280,17,1
307,TV,0.263,4.4,2087,12,0
215,Set-top box,0.252,13.2,1836,4,0
425,TV,0.275,8.0,1987,18,0
410,AC,0.597,8.0,1230,11,0
128,AC,0.921,21.4,56,35,1
321,AC,0.46,11.1,2726,20,1
230,TV,0.165,4.9,1308,16,0
317,Set-top box,0.451,1.2,807,13,0
304,AC,0.58,18.9,1549,6,0
418,AC,0.871,17.3,3344,10,1
113,AC,0.544,2.2,2169,14,0
409,AC,0.659,11.5,1151,20,1
305,Set-top box,0.161,13.1,2378,12,0
217,TV,0.386,12.1,1709,26,1
205,TV,0.178,15.7,3333,20,1
309,AC,0.475,20.4,1238,38,1
208,Set-top box,0.368,4.6,853,40,1
408,TV,0.322,3.9,3780,28,1
301,TV,0.225,1.8,1846,12,0
106,AC,0.957,8.1,4085,7,1
229,TV,0.492,10.4,3586,6,0
108,TV,0.588,4.0,3241,21,1
327,Set-top box,0.473,14.3,1529,21,1
112,Set-top box,0.335,17.5,3252,15,1
316,TV,0.229,8.6,755,19,0
130,AC,0.941,2.8,868,40,1
207,AC,0.805,20.8,3726,19,1
207,Set-top box,0.196,14.6,2771,39,1
405,Set-top box,0.23,6.3,3102,7,0
416,TV,0.483,6.4,1578,2,0
305,Set-top box,0.238,13.5,1868,24,1
320,Set-top box,0.15,10.0,3251,43,1
311,AC,0.699,7.5,3570,15,1
326,TV,0.609,16.0,98,1,0
414,Set-top box,0.441,8.7,3160,1,0
414,TV,0.104,14.4,2865,16,0
116,TV,0.484,2.8,2082,4,0
426,TV,0.324,9.2,2426,26,1
317,Set-top box,0.169,5.8,2491,7,0
405,AC,0.506,21.2,1649,0,0
318,AC,0.565,8.4,1793,6,0
311,Set-top box,0.171,14.3,2237,7,0
404,Set-top box,0.134,10.7,362,50,1
307,TV,0.439,9.0,122,14,0
120,TV,0.2,17.3,2253,17,1
118,AC,0.771,15.7,3947,22,1
320,TV,0.387,10.2,2739,5,1
119,Set-top box,0.321,16.1,2148,19,0
329,AC,0.724,15.7,2176,28,1
208,AC,0.415,8.4,4581,26,1
412,Set-top box,0.41,11.9,410,49,1
406,Set-top box,0.084,9.7,3337,38,1
430,Set-top box,0.199,5.9,3056,18,0
314,Set-top box,0.092,3.3,2200,38,1
119,Set-top box,0.484,17.5,1904,8,1
325,AC,0.576,16.8,585,33,1
129,AC,0.667,11.2,2030,37,1
107,Set-top box,0.376,12.2,2518,9,1
421,Set-top box,0.497,7.2,1545,1,1
117,TV,0.323,11.1,777,30,0
107,TV,0.613,11.5,2126,12,1
218,Set-top box,0.44,12.9,2707,29,1
410,Set-top box,0.477,15.1,1520,37,1
323,AC,0.872,3.3,60,13,0
329,TV,0.637,8.2,2822,1,1
121,AC,0.488,15.6,2766,30,1
428,AC,0.425,18.5,4518,16,1
424,Set-top box,0.169,9.7,1733,13,0
310,TV,0.475,16.9,3441,8,1
228,Set-top box,0.052,4.5,3253,26,1
404,Set-top box,0.299,14.7,3092,39,1
314,TV,0.66,14.3,2333,24,1
424,TV,0.317,6.8,1329,13,0
103,AC,0.58,19.0,646,29,1
108,TV,0.22,1.7,3873,9,0
426,Set-top box,0.127,2.8,3327,0,0
110,AC,0.241,11.6,4344,40,1
403,AC,0.628,11.5,4512,26,1
305,AC,0.768,20.0,2587,13,0
229,AC,0.491,4.1,2653,32,1
324,TV,0.118,14.9,339,17,0
227,TV,0.447,6.9,2678,16,1
327,Set-top box,0.074,13.0,1132,46,1
210,TV,0.579,16.5,2400,27,1
404,Set-top box,0.195,5.4,483,39,1
220,Set-top box,0.169,2.3,2832,48,0
119,Set-top box,0.14,11.6,1240,43,1
406,AC,0.289,13.0,517,14,0
205,Set-top box,0.12,9.4,2628,41,1
301,AC,0.382,9.2,1680,16,0
209,Set-top box,0.434,6.0,658,20,1
114,Set-top box,0.056,4.7,297,50,1
302,Set-top box,0.106,13.6,2803,9,1
403,TV,0.258,9.9,2818,26,1
311,AC,0.51,4.4,1533,7,0
314,Set-top box,0.239,12.2,1152,47,1
304,TV,0.616,17.2,822,20,1
112,TV,0.316,2.6,3912,9,1
215,AC,0.202,14.6,3274,13,0
220,TV,0.288,17.1,2952,14,1
112,AC,0.354,12.5,2953,17,0
222,AC,0.829,7.6,2531,25,1
112,AC,0.629,7.7,4164,27,1
113,TV,0.579,11.7,813,20,1
217,TV,0.34,2.0,1656,5,0
223,AC,0.606,15.0,3584,30,1
107,TV,0.141,8.5,1290,25,1
416,AC,0.753,19.2,2955,0,1
403,Set-top box,0.097,1.1,3163,36,1
406,TV,0.63,17.4,3789,25,1
210,TV,0.543,9.5,2748,26,1
109,Set-top box,0.108,2.6,1578,50,0
409,TV,0.374,15.5,2281,19,1
111,Set-top box,0.471,10.8,1760,18,1
407,TV,0.646,11.4,1836,27,1
303,Set-top box,0.137,4.2,2174,37,1
327,TV,0.184,10.1,2374,18,0
120,Set-top box,0.193,8.7,2574,42,1
312,AC,0.918,20.5,2470,23,1
224,AC,0.495,7.8,1279,37,1
301,TV,0.593,16.7,3708,28,1
120,Set-top box,0.432,6.0,2647,9,1
115,AC,0.334,5.1,892,36,1
101,AC,0.784,12.7,3150,5,0
110,AC,0.974,17.7,4788,36,1
309,AC,0.857,12.9,3107,23,1
210,AC,0.344,6.7,671,22,0
413,TV,0.541,15.3,3714,9,1
427,AC,0.678,8.7,3422,18,1
308,AC,0.895,6.5,512,35,1
424,AC,0.601,17.1,1107,38,1
218,TV,0.682,7.9,2182,23,1
127,TV,0.296,14.1,452,26,0
205,AC,0.914,8.3,4074,9,1
121,Set-top box,0.395,11.6,2142,16,1
427,AC,0.998,21.6,3361,23,1
414,TV,0.359,9.6,1996,19,1
221,Set-top box,0.14,2.1,676,38,0
317,AC,0.401,11.2,384,24,1
308,TV,0.405,15.1,1676,6,0
413,TV,0.251,9.3,544,17,1
105,TV,0.346,12.1,682,2,0
125,AC,0.272,10.6,3280,9,1
430,AC,0.937,4.8,3219,14,1
320,AC,0.646,12.7,2249,15,0
430,Set-top box,0.391,4.3,2566,44,0
421,TV,0.65,17.1,3877,9,1
217,AC,0.755,17.0,764,15,1
302,AC,0.683,14.7,2601,30,1
102,TV,0.122,7.3,2313,4,0
310,TV,0.187,13.9,2006,16,0
208,TV,0.662,8.6,957,23,1
116,TV,0.363,8.1,731,28,1
401,Set-top box,0.31,7.8,1376,26,1
314,Set-top box,0.31,12.7,1267,35,1
421,AC,0.925,12.3,446,21,0
409,TV,0.673,8.7,1058,2,0
201,AC,0.79,2.4,1598,4,1
403,Set-top box,0.285,15.6,1154,6,0
105,AC,0.309,3.4,3449,21,0
310,TV,0.615,2.2,2782,4,0
415,Set-top box,0.084,4.9,2022,23,1
323,AC,0.407,3.5,1329,1,0
317,Set-top box,0.179,10.2,975,14,0
209,Set-top box,0.063,4.4,763,14,0
208,AC,0.314,12.8,1427,15,0
427,AC,0.563,15.4,2036,17,0
409,Set-top box,0.138,11.9,1790,35,0
217,AC,0.508,13.6,3505,33,1
311,TV,0.329,9.3,3016,14,0
124,AC,0.227,11.2,819,33,1
219,Set-top box,0.16,4.7,1572,23,1
402,TV,0.437,3.5,3689,21,1
224,AC,0.781,9.6,692,4,0
405,AC,0.813,15.7,634,39,1
109,Set-top box,0.231,1.7,209,8,0
105,Set-top box,0.173,3.8,3427,30,0
128,TV,0.523,2.9,2022,30,1
126,AC,0.737,6.1,1725,4,0
113,AC,0.998,11.7,2470,26,0
121,TV,0.226,3.7,3463,13,1
427,Set-top box,0.275,2.7,3251,32,1
207,TV,0.176,13.1,579,30,1
318,TV,0.413,3.5,3259,11,0
405,Set-top box,0.088,15.5,436,11,0
126,TV,0.439,12.2,664,5,0
210,Set-top box,0.35,2.1,3025,46,0
425,Set-top box,0.468,3.0,310,28,1
315,AC,0.399,19.1,1071,26,1
206,Set-top box,0.24,4.9,3334,27,1
312,Set-top box,0.49,6.7,1567,7,1
103,AC,0.731,14.4,815,15,0
322,AC,0.661,13.3,1803,26,0
313,Set-top box,0.465,15.2,962,28,1
329,Set-top box,0.085,8.9,1947,1,0
312,Set-top box,0.166,15.0,2323,14,0
112,TV,0.557,2.7,407,5,0
228,TV,0.296,1.7,2545,23,1
220,AC,0.716,3.4,829,26,0
428,TV,0.158,15.2,3851,18,1
111,AC,0.344,4.7,3493,23,0
129,TV,0.588,4.0,334,15,0
321,Set-top box,0.297,4.1,1850,7,0
206,AC,0.319,10.4,1004,10,0
215,AC,0.287,10.8,3649,10,1
127,AC,0.583,11.5,341,8,0
412,AC,0.268,13.2,4329,9,1
323,TV,0.251,15.3,610,26,1
427,TV,0.357,12.4,157,13,0
118,AC,0.876,18.8,4623,11,1
125,TV,0.493,14.1,743,11,0
407,TV,0.383,8.0,2682,25,1
422,AC,0.389,20.7,1356,14,0
212,Set-top box,0.328,12.2,1996,32,1
208,AC,0.323,21.0,1436,3,0
105,TV,0.611,15.5,3569,17,1
324,TV,0.28,7.9,3181,20,1
110,TV,0.13,16.4,974,20,1
224,AC,0.609,6.7,2718,36,1
405,TV,0.498,11.6,160,20,1
122,AC,0.765,5.2,93,5,0
309,AC,0.235,3.3,2350,18,0
125,Set-top box,0.344,10.9,2851,12,0
325,TV,0.296,11.0,1334,25,1
414,AC,0.911,7.9,647,19,1
330,Set-top box,0.233,16.0,3495,26,1
303,Set-top box,0.267,8.5,2328,35,0
223,AC,0.724,6.9,2445,8,0
102,AC,0.437,21.4,4794,34,1
411,AC,0.441,3.0,4729,33,0
325,AC,0.661,10.5,569,5,0
330,Set-top box,0.135,4.8,1757,22,1
224,AC,0.66,20.2,2742,15,0
206,TV,0.624,11.3,476,22,1
127,Set-top box,0.29,17.6,3145,48,1
204,Set-top box,0.386,7.5,1816,13,0
101,Set-top box,0.19,17.9,2711,23,1
308,TV,0.556,13.5,1273,26,1
320,TV,0.316,17.9,1610,23,1
225,Set-top box,0.384,10.2,671,6,0
121,AC,0.685,18.8,1196,34,1
415,Set-top box,0.227,16.4,2555,38,1
124,Set-top box,0.377,11.3,2356,34,1
114,AC,0.869,2.3,1344,28,1
126,AC,0.964,10.8,4063,20,0
220,AC,0.461,9.7,4771,1,1
217,Set-top box,0.324,9.9,3198,21,1
210,AC,0.36,5.9,2747,16,1
417,TV,0.545,5.6,424,12,0
321,AC,0.93,17.5,3458,3,0
422,Set-top box,0.068,13.0,831,32,1
104,Set-top box,0.232,9.7,54,42,0
229,AC,0.289,7.8,1353,25,0
213,AC,0.773,5.2,2724,24,1
419,Set-top box,0.43,9.0,185,37,1
203,TV,0.481,17.6,358,26,0
330,TV,0.231,17.0,169,8,0
317,AC,0.885,13.2,2958,1,0
322,TV,0.404,10.7,1480,21,1
124,AC,0.815,7.0,3678,15,1
317,Set-top box,0.391,6.6,1644,6,0
110,Set-top box,0.078,3.0,1306,10,0
127,AC,0.304,13.3,4307,40,1
120,Set-top box,0.313,10.6,1542,20,0
301,Set-top box,0.366,12.1,3368,24,0
408,AC,0.617,14.0,1542,27,0
310,Set-top box,0.163,5.6,1161,18,0
230,TV,0.556,12.4,437,29,0
317,AC,0.324,3.3,3327,39,1
414,AC,0.65,8.6,3281,33,1
124,TV,0.143,16.8,904,20,1
416,AC,0.616,14.7,2993,33,1
316,AC,0.5,12.7,3493,6,1
102,AC,0.975,20.5,1986,10,1
228,AC,0.442,7.2,999,38,1
126,AC,0.51,11.5,1391,12,0
424,Set-top box,0.431,14.3,452,32,1
315,AC,0.369,15.3,1626,33,1
226,Set-top box,0.301,8.4,1476,11,1
104,Set-top box,0.255,6.3,1374,7,0
122,Set-top box,0.054,12.5,1604,37,1
430,Set-top box,0.331,3.6,1057,4,0
223,TV,0.559,17.2,137,15,1
416,AC,0.275,12.9,2133,40,1
221,Set-top box,0.461,1.4,3190,26,1
130,Set-top box,0.358,11.5,1425,47,0
130,AC,0.532,15.9,4583,10,1
318,TV,0.554,13.0,2604,30,1
418,AC,0.566,20.3,99,34,1
224,TV,0.305,3.0,1723,13,0
404,AC,0.378,12.8,3089,3,0
321,TV,0.54,8.2,1539,25,0
407,AC,0.776,17.2,3353,6,1
218,TV,0.555,8.2,1082,20,1
315,Set-top box,0.093,9.0,853,15,0
326,TV,0.6,10.2,2856,5,0
422,Set-top box,0.278,8.3,1771,8,0
311,AC,0.214,5.2,4729,39,0
228,AC,0.31,5.8,1780,19,0
312,TV,0.323,8.6,1418,25,1
307,TV,0.674,11.7,1436,20,1
330,AC,0.749,13.3,3603,6,0
216,AC,0.75,20.9,2158,40,1
430,Set-top box,0.309,10.4,3414,44,1
303,Set-top box,0.214,16.7,1011,20,0
228,TV,0.276,8.1,1879,10,0
221,Set-top box,0.366,9.8,2352,47,0
204,AC,0.792,18.0,497,15,1
329,Set-top box,0.397,6.3,1668,2,0
127,AC,0.748,18.0,2946,4,0
112,TV,0.277,5.2,351,2,0
308,AC,0.655,19.7,507,8,0
211,AC,0.885,9.9,137,16,1
322,AC,0.965,20.5,2719,11,1
319,TV,0.239,16.9,3958,29,1
204,TV,0.605,13.2,3641,29,1
224,AC,0.982,6.6,2628,7,0
312,TV,0.298,13.1,3046,23,1
318,Set-top box,0.449,3.0,633,44,1
130,Set-top box,0.414,12.8,451,28,1
305,AC,0.428,13.4,938,7,0
311,TV,0.154,5.3,986,8,0
106,TV,0.62,9.9,1926,20,0
221,AC,0.433,6.6,4171,10,0
118,Set-top box,0.451,1.2,616,42,1
118,AC,0.6,19.3,3176,33,1
108,TV,0.432,7.6,1975,1,0
126,TV,0.651,12.7,3751,4,1
406,TV,0.345,13.7,2121,10,0
209,AC,0.286,2.2,603,37,1
303,AC,0.393,19.0,4101,27,1
114,AC,0.962,12.3,830,8,0
414,Set-top box,0.424,12.1,2057,27,1
303,TV,0.306,17.6,1068,8,0
316,AC,0.357,6.2,1136,18,0
401,TV,0.174,14.8,265,21,0
207,Set-top box,0.374,11.3,3170,8,1
411,Set-top box,0.117,1.9,289,35,1
330,TV,0.518,4.7,587,4,0
119,Set-top box,0.362,6.5,522,48,1
217,Set-top box,0.094,1.3,3188,19,1
408,TV,0.257,16.4,265,19,1
328,AC,0.258,20.8,4492,23,1
124,AC,0.783,16.9,4552,33,1
208,Set-top box,0.201,16.0,3358,1,0
422,TV,0.664,8.0,3023,16,1
310,AC,0.395,20.6,1176,7,1
310,AC,0.269,5.7,1659,28,0
402,TV,0.192,10.5,2795,27,1
425,AC,0.531,12.4,1895,12,0
420,AC,0.809,5.6,418,9,0
303,Set-top box,0.12,17.9,157,31,1
320,TV,0.268,10.2,3238,23,1
218,AC,0.793,4.3,3773,2,1
127,AC,0.201,2.5,1016,13,0
208,Set-top box,0.272,7.2,1199,31,0
114,AC,0.946,7.5,3002,16,1
215,AC,0.359,11.6,2227,7,0
128,AC,0.521,10.3,2046,35,1
413,Set-top box,0.186,2.8,1791,38,0
408,Set-top box,0.494,9.4,2256,5,1
414,Set-top box,0.265,15.6,3120,8,1
215,Set-top box,0.164,9.4,1419,19,1
302,AC,0.835,21.6,167,9,1
323,TV,0.536,7.2,489,4,0
215,TV,0.694,16.8,1796,0,1
106,AC,0.982,9.2,3311,17,1
108,AC,0.864,15.9,1186,30,1
104,Set-top box,0.18,17.1,3382,48,1
206,AC,0.851,14.3,3285,19,1
227,Set-top box,0.296,13.8,1848,39,1
421,TV,0.518,7.2,3562,3,0
128,Set-top box,0.261,13.5,1774,22,0
223,AC,0.825,5.9,3157,1,0
116,AC,0.393,12.7,508,14,0
116,AC,0.621,2.0,1700,8,0
401,TV,0.318,17.5,1194,23,0
211,AC,0.423,5.2,197,38,1
316,TV,0.579,15.2,853,12,1
307,Set-top box,0.138,14.6,1206,15,0
404,AC,0.331,18.3,2346,27,1
428,Set-top box,0.485,4.2,322,26,1
222,Set-top box,0.293,1.4,3414,18,0
405,AC,0.756,5.6,2657,7,0
